candidate_name,source_count,source_urls
BCG 転職,5,https://www.movin.co.jp/gyoukai/firmlist/bigfirm.html|https://www.movin.co.jp/gyoukai/firmlist/business_it.html|https://www.movin.co.jp/gyoukai/firmlist/financial.html|https://www.movin.co.jp/gyoukai/firmlist/general.html|https://www.movin.co.jp/gyoukai/firmlist/strategy.html
KPMGコンサルティング,5,https://consulfree.com/blog/consultingfirm/|https://www.movin.co.jp/gyoukai/firmlist/bigfirm.html|https://www.movin.co.jp/gyoukai/firmlist/general.html|https://www.onecareer.jp/companies/business_categories/1|https://www.onecareer.jp/companies/business_categories/1/2
PwCコンサルティング合同会社,5,https://consulfree.com/blog/consultingfirm/|https://freeconsul.co.jp/cs/consultingfirm/|https://www.movin.co.jp/gyoukai/firmlist/bigfirm.html|https://www.onecareer.jp/companies/business_categories/1|https://www.onecareer.jp/companies/business_categories/1/2
第一志望ファームへ！約5ヶ月に渡る転職活動を経てBCGへ,5,https://www.movin.co.jp/gyoukai/firmlist/bigfirm.html|https://www.movin.co.jp/gyoukai/firmlist/business_it.html|https://www.movin.co.jp/gyoukai/firmlist/financial.html|https://www.movin.co.jp/gyoukai/firmlist/general.html|https://www.movin.co.jp/gyoukai/firmlist/strategy.html
EYSC TC- Digital Platforms & Transformation キャリアセミナー,3,https://www.movin.co.jp/gyoukai/firmlist/business_it.html|https://www.movin.co.jp/gyoukai/firmlist/financial.html|https://www.movin.co.jp/gyoukai/firmlist/general.html
KPMGコンサルティング ランチタイム オンラインイベント,3,https://www.movin.co.jp/gyoukai/firmlist/business_it.html|https://www.movin.co.jp/gyoukai/firmlist/financial.html|https://www.movin.co.jp/gyoukai/firmlist/general.html
PwC Intelligence（シンクタンク部門） 中途採用向けセミナー コンサル経験者向けキャリアセミナー,3,https://www.movin.co.jp/gyoukai/firmlist/business_it.html|https://www.movin.co.jp/gyoukai/firmlist/financial.html|https://www.movin.co.jp/gyoukai/firmlist/general.html
PwCアドバイザリー,3,https://consulfree.com/blog/consultingfirm/|https://www.movin.co.jp/gyoukai/firmlist/bigfirm.html|https://www.movin.co.jp/gyoukai/firmlist/financial.html
PwCアドバイザリー 人事アドバイザリーチーム キャリア座談会,3,https://www.movin.co.jp/gyoukai/firmlist/business_it.html|https://www.movin.co.jp/gyoukai/firmlist/financial.html|https://www.movin.co.jp/gyoukai/firmlist/general.html
PwCアドバイザリー合同会社,3,https://consulfree.com/blog/consultingfirm/|https://freeconsul.co.jp/cs/consultingfirm/|https://www.movin.co.jp/gyoukai/firmlist/bigfirm.html
PwCコンサルティング,3,https://consulfree.com/blog/consultingfirm/|https://www.movin.co.jp/gyoukai/firmlist/bigfirm.html|https://www.movin.co.jp/gyoukai/firmlist/general.html
ボストンコンサルティンググループ（BCG）,3,https://consulfree.com/blog/consultingfirm/|https://www.movin.co.jp/gyoukai/firmlist/bigfirm.html|https://www.movin.co.jp/gyoukai/firmlist/strategy.html
株式会社KPMG FAS,3,https://consulfree.com/blog/consultingfirm/|https://freeconsul.co.jp/cs/consultingfirm/|https://www.movin.co.jp/gyoukai/firmlist/bigfirm.html
EY Japan株式会社,2,https://consulfree.com/blog/consultingfirm/|https://freeconsul.co.jp/cs/consultingfirm/
EYストラテジー・アンド・コンサルティング,2,https://www.movin.co.jp/gyoukai/firmlist/bigfirm.html|https://www.onecareer.jp/companies/business_categories/1/2
EYストラテジー・アンド・コンサルティング株式会社,2,https://freeconsul.co.jp/cs/consultingfirm/|https://www.movin.co.jp/gyoukai/firmlist/bigfirm.html
EYストラテジー・アンド・コンサルティング（EYSC）,2,https://www.movin.co.jp/gyoukai/firmlist/bigfirm.html|https://www.movin.co.jp/gyoukai/firmlist/general.html
EYパルテノン,2,https://consulfree.com/blog/consultingfirm/|https://freeconsul.co.jp/cs/consultingfirm/
KPMGFAS,2,https://www.movin.co.jp/gyoukai/firmlist/bigfirm.html|https://www.movin.co.jp/gyoukai/firmlist/financial.html
KPMGコンサルティング 求人情報,2,https://www.movin.co.jp/gyoukai/firmlist/business_it.html|https://www.movin.co.jp/gyoukai/firmlist/financial.html
KPMGコンサルティング株式会社,2,https://consulfree.com/blog/consultingfirm/|https://freeconsul.co.jp/cs/consultingfirm/
PwCコンサルティング 求人情報,2,https://www.movin.co.jp/gyoukai/firmlist/business_it.html|https://www.movin.co.jp/gyoukai/firmlist/financial.html
PwCコンサルティング合同会社 ストラテジーコンサルティング（Strategy&）,2,https://www.movin.co.jp/gyoukai/firmlist/bigfirm.html|https://www.movin.co.jp/gyoukai/firmlist/strategy.html
bain.com/ja,2,https://www.movin.co.jp/gyoukai/firmlist/bigfirm.html|https://www.movin.co.jp/gyoukai/firmlist/strategy.html
bcg.com/ja-jp,2,https://www.movin.co.jp/gyoukai/firmlist/bigfirm.html|https://www.movin.co.jp/gyoukai/firmlist/strategy.html
deloitte.com,2,https://www.movin.co.jp/gyoukai/firmlist/bigfirm.html|https://www.movin.co.jp/gyoukai/firmlist/strategy.html
jp.kearney.com,2,https://www.movin.co.jp/gyoukai/firmlist/bigfirm.html|https://www.movin.co.jp/gyoukai/firmlist/strategy.html
mckinsey.com/jp,2,https://www.movin.co.jp/gyoukai/firmlist/bigfirm.html|https://www.movin.co.jp/gyoukai/firmlist/strategy.html
strategyand.pwc.com/jp/ja.html,2,https://www.movin.co.jp/gyoukai/firmlist/bigfirm.html|https://www.movin.co.jp/gyoukai/firmlist/strategy.html
【徹底解説】BCGへの転職方法は？,2,https://www.movin.co.jp/gyoukai/firmlist/bigfirm.html|https://www.movin.co.jp/gyoukai/firmlist/strategy.html
ベイン アンド カンパニー（Bain）,2,https://www.movin.co.jp/gyoukai/firmlist/bigfirm.html|https://www.movin.co.jp/gyoukai/firmlist/strategy.html
ボストン コンサルティング グループ(BCG) 誰もが知るグローバルトップ戦略ファームが超積極採用モード！,2,https://www.movin.co.jp/gyoukai/firmlist/bigfirm.html|https://www.movin.co.jp/gyoukai/firmlist/strategy.html
ボストン コンサルティング グループ（BCG） 求人情報,2,https://www.movin.co.jp/gyoukai/firmlist/business_it.html|https://www.movin.co.jp/gyoukai/firmlist/financial.html
ボストン・コンサルティング・グループ合同会社（BCG）,2,https://consulfree.com/blog/consultingfirm/|https://freeconsul.co.jp/cs/consultingfirm/
日本IBM,2,https://www.movin.co.jp/gyoukai/firmlist/bigfirm.html|https://www.movin.co.jp/gyoukai/firmlist/general.html
2020年1月よりグローバル・ブランド名をKEARNEYへと刷新,1,https://freeconsul.co.jp/cs/consultingfirm/
"3,000人（戦略コンサルタント） 370,0000人（PwCのプロフェッショナル数）",1,https://consulfree.com/blog/consultingfirm/
A.T. カーニー A.T. Kearney,1,https://www.movin.co.jp/gyoukai/firmlist/strategy.html
A.T.Keaney（KEARNEY）,1,https://consulfree.com/blog/consultingfirm/
Accenture,1,https://consulfree.com/blog/consultingfirm/
Accenture Song,1,https://consulfree.com/blog/consultingfirm/
"AlixPartners, LLP",1,https://consulfree.com/blog/consultingfirm/
BCG 中途採用情報,1,https://www.movin.co.jp/gyoukai/firmlist/strategy.html
BIG4 （デロイト・PwC・KPMG・EY）,1,https://consulfree.com/blog/consultingfirm/
BIG4（デロイト・PwC・KPMG・EY）,1,https://consulfree.com/blog/consultingfirm/
Bain & Company,1,https://consulfree.com/blog/consultingfirm/
Bain & Company「活動内容」,1,https://freeconsul.co.jp/cs/consultingfirm/
Boston Consulting Group（BCG）,1,https://consulfree.com/blog/consultingfirm/
Capgemini,1,https://consulfree.com/blog/consultingfirm/
Deloitte Tohmatsu Consulting（DTC）,1,https://consulfree.com/blog/consultingfirm/
Deloitte Tohmatsu Financial Advisory LLC（DTFA）,1,https://consulfree.com/blog/consultingfirm/
EY Japan,1,https://consulfree.com/blog/consultingfirm/
EY Japan 株式会社（アーンスト・アンド・ヤング）,1,https://consulfree.com/blog/consultingfirm/
EY Japan株式会社 公式サイトを見てみる,1,https://freeconsul.co.jp/cs/consultingfirm/
EY Parthenon,1,https://consulfree.com/blog/consultingfirm/
EY ストラテジー・アンド・コンサルティング,1,https://consulfree.com/blog/consultingfirm/
EY ストラテジー・アンド・コンサルティング（EY Japan）,1,https://consulfree.com/blog/consultingfirm/
EYの戦略・M&A・税務等の専門性を結集した戦略ブランド,1,https://freeconsul.co.jp/cs/consultingfirm/
EYグローバルネットワーク,1,https://freeconsul.co.jp/cs/consultingfirm/
EYストラテジー・アンド・コンサルティング 【グローバル案件多数】未経験からEYのコンサルタントへ！,1,https://www.movin.co.jp/gyoukai/firmlist/bigfirm.html
EYストラテジー・アンド・コンサルティング株式会社 公式サイトを見てみる,1,https://freeconsul.co.jp/cs/consultingfirm/
EYストラテジー・アンド・コンサルティング（EYSC）:【公認会計士・USCPA限定】新規ポジションがオープン！有名コンサルティングファーム,1,https://www.movin.co.jp/gyoukai/firmlist/financial.html
EYストラテジー・アンド・コンサルティング（EYSC）：組織人事コンサルタントとして働きたい方必見！,1,https://www.movin.co.jp/gyoukai/firmlist/general.html
EYパルテノン 公式サイトを見てみる,1,https://freeconsul.co.jp/cs/consultingfirm/
EYパルテノン（EY Japan株式会社）,1,https://consulfree.com/blog/consultingfirm/
EYパルテノン（EY）,1,https://freeconsul.co.jp/cs/consultingfirm/
Ernst & Young（EY,1,https://consulfree.com/blog/consultingfirm/
FAS （DTFA・KPMG FAS・EYなど）,1,https://consulfree.com/blog/consultingfirm/
Houlihan Lokey Inc.,1,https://consulfree.com/blog/consultingfirm/
IBM「IBMおよび日本IBMについて」,1,https://freeconsul.co.jp/cs/consultingfirm/
ITコンサルティングファーム （アクセンチュア・アビーム・IBMなど）,1,https://consulfree.com/blog/consultingfirm/
IT系コンサルティングファーム（アクセンチュア、アビームコンサルティング、日立コンサルティング、IBMコンサル部門など）,1,https://consulfree.com/blog/consultingfirm/
KPMG FAS,1,https://consulfree.com/blog/consultingfirm/
KPMG FAS 【未経験OK】KPMG FASの戦略部門でマーケ・プライシングに特化したチームが新設！,1,https://www.movin.co.jp/gyoukai/firmlist/strategy.html
KPMG FAS:Big4系FASのM&Aアドバイザリーポジション積極採用！,1,https://www.movin.co.jp/gyoukai/firmlist/financial.html
KPMG FAS：【会計士・USCPA必見】資格を活かして転職！,1,https://www.movin.co.jp/gyoukai/firmlist/financial.html
KPMGFAS ポイント：130pt,1,https://www.movin.co.jp/gyoukai/firmlist/financial.html
KPMGのグローバル網を活かし、クロスボーダー案件やガバナンスを支援,1,https://freeconsul.co.jp/cs/consultingfirm/
KPMGコンサルティング 【未経験OK！】KPMGへ転職したい方必見です！,1,https://www.movin.co.jp/gyoukai/firmlist/bigfirm.html
KPMGコンサルティング株式会社 公式サイトを見てみる,1,https://freeconsul.co.jp/cs/consultingfirm/
KPMGコンサルティング：【大阪採用】IT戦略コンサルタント募集中！,1,https://www.movin.co.jp/gyoukai/firmlist/general.html
KPMGコンサルティング：ピュアな戦略をやりたい方必見！新規ポジションがオープン,1,https://www.movin.co.jp/gyoukai/firmlist/general.html
KPMGジャパン,1,https://freeconsul.co.jp/cs/consultingfirm/
Kearney「Kearneyについて」,1,https://freeconsul.co.jp/cs/consultingfirm/
McKinsey & Company,1,https://consulfree.com/blog/consultingfirm/
McKinsey & Company「私たちの想い | 日本」,1,https://freeconsul.co.jp/cs/consultingfirm/
Mercer,1,https://consulfree.com/blog/consultingfirm/
Monitor Deloitte,1,https://consulfree.com/blog/consultingfirm/
PwC Advisory LLC,1,https://consulfree.com/blog/consultingfirm/
PwC Japanグループ,1,https://freeconsul.co.jp/cs/consultingfirm/
PwC Japan有限責任監査法人（旧：PwCあらた有限責任監査法人）,1,https://www.onecareer.jp/companies/business_categories/1
PwC strategy＆ PwCの戦略コンサルティング部門（Strategy&）で若手募集中！,1,https://www.movin.co.jp/gyoukai/firmlist/strategy.html
PwCアドバイザリー ポイント：382pt,1,https://www.movin.co.jp/gyoukai/firmlist/financial.html
PwCアドバイザリー合同会社 公式サイトを見てみる,1,https://freeconsul.co.jp/cs/consultingfirm/
PwCアドバイザリー：M&A戦略部門のヘルスケアチームが積極採用中！,1,https://www.movin.co.jp/gyoukai/firmlist/financial.html
PwCコンサルティング PwCに転職したい方必見です！コンサルタント採用加速！,1,https://www.movin.co.jp/gyoukai/firmlist/bigfirm.html
PwCコンサルティング ストラテジーコンサルティング（Strategy&）,1,https://www.movin.co.jp/gyoukai/firmlist/strategy.html
PwCコンサルティング ストラテジーコンサルティング（Strategy&） PwC Strategy&,1,https://www.movin.co.jp/gyoukai/firmlist/strategy.html
PwCコンサルティング 合同会社,1,https://consulfree.com/blog/consultingfirm/
PwCコンサルティング合同会社 ストラテジーコンサルティング,1,https://consulfree.com/blog/consultingfirm/
PwCコンサルティング合同会社 公式サイトを見てみる,1,https://freeconsul.co.jp/cs/consultingfirm/
PwCコンサルティング：サイバーセキュリティ領域のコンサルタントを募集中！,1,https://www.movin.co.jp/gyoukai/firmlist/general.html
PwCコンサルティング：未経験者多数活躍中！戦略部門のトランフォーメーション専門チームが積極採用中！,1,https://www.movin.co.jp/gyoukai/firmlist/general.html
PwCジャパングループ,1,https://freeconsul.co.jp/cs/consultingfirm/
PwCネットワークの「戦略コンサルティング」を担う専門家集団,1,https://freeconsul.co.jp/cs/consultingfirm/
PwC：ロンドン,1,https://consulfree.com/blog/consultingfirm/
Roland Berger（RB）,1,https://consulfree.com/blog/consultingfirm/
Strategy& Japan「the global strategy consulting team at PwC」,1,https://freeconsul.co.jp/cs/consultingfirm/
Strategy& （PwCコンサルティング合同会社）,1,https://consulfree.com/blog/consultingfirm/
Strategy&（PwC）,1,https://freeconsul.co.jp/cs/consultingfirm/
The Keystone Group,1,https://www.movin.co.jp/gyoukai/firmlist/bigfirm.html
Willis Towers Watson Public Limited Company（WTW）,1,https://consulfree.com/blog/consultingfirm/
accenture.com/jp-ja,1,https://www.movin.co.jp/gyoukai/firmlist/bigfirm.html
alixpartners.com,1,https://www.movin.co.jp/gyoukai/firmlist/bigfirm.html
capgemini.com/jp-jp,1,https://www.movin.co.jp/gyoukai/firmlist/bigfirm.html
ey.com/ja_jp,1,https://www.movin.co.jp/gyoukai/firmlist/bigfirm.html
ibm.com/jp-ja,1,https://www.movin.co.jp/gyoukai/firmlist/bigfirm.html
kpmg.com/jp/ja/home.html,1,https://www.movin.co.jp/gyoukai/firmlist/bigfirm.html
kpmg.com/jp/ja/home/about/fas.html,1,https://www.movin.co.jp/gyoukai/firmlist/bigfirm.html
mercer.co.jp,1,https://www.movin.co.jp/gyoukai/firmlist/bigfirm.html
pwc.com/jp/ja,1,https://www.movin.co.jp/gyoukai/firmlist/bigfirm.html
pwc.com/jp/ja/about-us/member/deal-advisory.html,1,https://www.movin.co.jp/gyoukai/firmlist/bigfirm.html
wtwco.com/ja-jp,1,https://www.movin.co.jp/gyoukai/firmlist/bigfirm.html
www2.deloitte.com/jp/ja.html,1,https://www.movin.co.jp/gyoukai/firmlist/bigfirm.html
【BCG 注目求人】,1,https://www.movin.co.jp/gyoukai/firmlist/bigfirm.html
【EYSC 注目求人】,1,https://www.movin.co.jp/gyoukai/firmlist/bigfirm.html
【IBM 注目求人】,1,https://www.movin.co.jp/gyoukai/firmlist/bigfirm.html
【PwCコンサルティング 注目求人】,1,https://www.movin.co.jp/gyoukai/firmlist/bigfirm.html
【徹底解説】EYストラテジー・アンド・コンサルティング（EYSC）への転職方法は？,1,https://www.movin.co.jp/gyoukai/firmlist/bigfirm.html
【徹底解説】KPMGFASへの転職方法は？,1,https://www.movin.co.jp/gyoukai/firmlist/bigfirm.html
【徹底解説】KPMGコンサルティングへの転職方法は？,1,https://www.movin.co.jp/gyoukai/firmlist/bigfirm.html
【徹底解説】PwCアドバイザリーへの転職方法は？,1,https://www.movin.co.jp/gyoukai/firmlist/bigfirm.html
【徹底解説】PwCコンサルティングへの転職方法は？,1,https://www.movin.co.jp/gyoukai/firmlist/bigfirm.html
【徹底解説】日本IBMへの転職方法は？,1,https://www.movin.co.jp/gyoukai/firmlist/bigfirm.html
アクセンチュア(戦略グループ) Accenture,1,https://www.movin.co.jp/gyoukai/firmlist/strategy.html
アメリカのIT企業IBMグループの日本法人,1,https://freeconsul.co.jp/cs/consultingfirm/
デジタル専門組織「BCG X」による強力な実行・実装支援,1,https://freeconsul.co.jp/cs/consultingfirm/
ベイン・アンド・カンパニー Bain & Company,1,https://www.movin.co.jp/gyoukai/firmlist/strategy.html
ボストン コンサルティング グループ(BCG,1,https://www.movin.co.jp/gyoukai/firmlist/bigfirm.html
ボストン コンサルティング グループ（BCG）,1,https://freeconsul.co.jp/cs/consultingfirm/
マッキンゼー・アンド・カンパニー McKinsey & Company,1,https://www.movin.co.jp/gyoukai/firmlist/strategy.html
モニターデロイト（デロイト戦略グループ） Monitor Deloitte,1,https://www.movin.co.jp/gyoukai/firmlist/strategy.html
ローランド・ベルガー Roland Berger,1,https://www.movin.co.jp/gyoukai/firmlist/strategy.html
戦略BIG43（マッキンゼー・BCG・ベイン）,1,https://consulfree.com/blog/consultingfirm/
戦略コンサルティングファーム （マッキンゼー・BCG・ベインなど）,1,https://consulfree.com/blog/consultingfirm/
戦略系コンサルティング会社 （マッキンゼー、BCG、ベイン、ATカーニー、ローランドベルガー、ADL、ドリームインキュベータ、Big4系戦略部門など）,1,https://consulfree.com/blog/consultingfirm/
日本アイ・ビー・エム株式会社（IBM）,1,https://consulfree.com/blog/consultingfirm/
日本アイ・ビー・エム（IBM）,1,https://consulfree.com/blog/consultingfirm/
東京都千代田区大手町1-2-1 Otempwchi One タワー,1,https://www.movin.co.jp/gyoukai/firmlist/bigfirm.html
株式会社 KPMG FAS,1,https://consulfree.com/blog/consultingfirm/
株式会社KPMG FAS 公式サイトを見てみる,1,https://freeconsul.co.jp/cs/consultingfirm/
株式会社KPMGコンサルティング,1,https://www.movin.co.jp/gyoukai/firmlist/bigfirm.html
経営コンサルと戦略的トランザクション支援を展開するEYグローバルのメンバーファーム,1,https://freeconsul.co.jp/cs/consultingfirm/
総合系BIG5（アクセンチュア・デロイト・PwC・KPMG・EY）,1,https://consulfree.com/blog/consultingfirm/
総合系コンサルティングファーム （アクセンチュア、デロイト、PwC、KPMG、EY、アビームコンサルティング、日立コンサルティング、IBMコンサル部門など）,1,https://consulfree.com/blog/consultingfirm/
