canonical_candidate,aliases,source_count,source_urls
PwCアドバイザリー,PwCアドバイザリー|PwCアドバイザリー合同会社,4,https://consulfree.com/blog/consultingfirm/|https://freeconsul.co.jp/cs/consultingfirm/|https://www.movin.co.jp/gyoukai/firmlist/bigfirm.html|https://www.onecareer.jp/companies/business_categories/1?page=4
PwCコンサルティング,PwCコンサルティング|PwCコンサルティング合同会社,4,https://consulfree.com/blog/consultingfirm/|https://freeconsul.co.jp/cs/consultingfirm/|https://www.movin.co.jp/gyoukai/firmlist/bigfirm.html|https://www.onecareer.jp/companies/business_categories/1?page=1
アビームコンサルティング,アビームコンサルティング|アビームコンサルティング株式会社,4,https://consulfree.com/blog/consultingfirm/|https://freeconsul.co.jp/cs/consultingfirm/|https://www.movin.co.jp/gyoukai/firmlist/bigfirm.html|https://www.onecareer.jp/companies/business_categories/1?page=1
マッキンゼー・アンド・カンパニー,マッキンゼー・アンド・カンパニー,4,https://consulfree.com/blog/consultingfirm/|https://www.movin.co.jp/gyoukai/firmlist/bigfirm.html|https://www.movin.co.jp/gyoukai/firmlist/strategy.html|https://www.onecareer.jp/companies/business_categories/1?page=2
三菱UFJリサーチ&コンサルティング,三菱UFJリサーチ&コンサルティング|三菱UFJリサーチ&コンサルティング株式会社,4,https://consulfree.com/blog/consultingfirm/|https://freeconsul.co.jp/cs/consultingfirm/|https://www.movin.co.jp/gyoukai/firmlist/bigfirm.html|https://www.onecareer.jp/companies/business_categories/1?page=1
A.T. カーニー,A.T. カーニー|A.T. カーニー株式会社,3,https://www.movin.co.jp/gyoukai/firmlist/bigfirm.html|https://www.movin.co.jp/gyoukai/firmlist/strategy.html|https://www.onecareer.jp/companies/business_categories/1?page=1
EYストラテジー・アンド・コンサルティング,EYストラテジー・アンド・コンサルティング|EYストラテジー・アンド・コンサルティング株式会社,3,https://freeconsul.co.jp/cs/consultingfirm/|https://www.movin.co.jp/gyoukai/firmlist/bigfirm.html|https://www.onecareer.jp/companies/business_categories/1?page=2
KPMGコンサルティング,KPMGコンサルティング|KPMGコンサルティング株式会社,3,https://consulfree.com/blog/consultingfirm/|https://freeconsul.co.jp/cs/consultingfirm/|https://www.onecareer.jp/companies/business_categories/1?page=1
アクセンチュア,アクセンチュア|アクセンチュア株式会社,3,https://consulfree.com/blog/consultingfirm/|https://www.movin.co.jp/gyoukai/firmlist/bigfirm.html|https://www.onecareer.jp/companies/business_categories/1?page=1
アリックスパートナーズ,アリックスパートナーズ,3,https://consulfree.com/blog/consultingfirm/|https://freeconsul.co.jp/cs/consultingfirm/|https://www.movin.co.jp/gyoukai/firmlist/bigfirm.html
キャップジェミニ,キャップジェミニ|キャップジェミニ株式会社,3,https://consulfree.com/blog/consultingfirm/|https://www.movin.co.jp/gyoukai/firmlist/bigfirm.html|https://www.onecareer.jp/companies/business_categories/1?page=4
ベイン・アンド・カンパニー,ベイン・アンド・カンパニー,3,https://consulfree.com/blog/consultingfirm/|https://freeconsul.co.jp/cs/consultingfirm/|https://www.onecareer.jp/companies/business_categories/1?page=1
ボストン コンサルティング グループ,ボストン コンサルティング グループ|ボストン コンサルティング グループ合同会社,3,https://www.movin.co.jp/gyoukai/firmlist/bigfirm.html|https://www.movin.co.jp/gyoukai/firmlist/strategy.html|https://www.onecareer.jp/companies/business_categories/1?page=1
船井総合研究所,船井総合研究所,3,https://consulfree.com/blog/consultingfirm/|https://freeconsul.co.jp/cs/consultingfirm/|https://www.onecareer.jp/companies/business_categories/1?page=1
INTLOOP,INTLOOP,2,https://consulfree.com/blog/consultingfirm/|https://www.onecareer.jp/companies/business_categories/1?page=2
KPMG FAS,KPMG FAS,2,https://consulfree.com/blog/consultingfirm/|https://www.onecareer.jp/companies/business_categories/1?page=5
PwCコンサルティング合同会社 ストラテジーコンサルティング(Strategy&),PwCコンサルティング合同会社 ストラテジーコンサルティング（Strategy&）,2,https://www.movin.co.jp/gyoukai/firmlist/bigfirm.html|https://www.movin.co.jp/gyoukai/firmlist/strategy.html
Ridgelinez,Ridgelinez|Ridgelinez株式会社,2,https://www.movin.co.jp/gyoukai/firmlist/bigfirm.html|https://www.onecareer.jp/companies/business_categories/1?page=5
みずほリサーチ&テクノロジーズ,みずほリサーチ&テクノロジーズ|みずほリサーチ&テクノロジーズ株式会社,2,https://consulfree.com/blog/consultingfirm/|https://freeconsul.co.jp/cs/consultingfirm/
アクシスコンサルティング,アクシスコンサルティング,2,https://freeconsul.co.jp/cs/consultingfirm/|https://www.onecareer.jp/companies/business_categories/1?page=9
アーサー・ディ・リトル,アーサー・ディ・リトル,2,https://consulfree.com/blog/consultingfirm/|https://www.onecareer.jp/companies/business_categories/1?page=4
コンサルタントに向いている人,コンサルタントに向いている人,2,https://consulfree.com/blog/consultingfirm/|https://freeconsul.co.jp/cs/consultingfirm/
コンサルティング会社,コンサルティング会社,2,https://consulfree.com/blog/consultingfirm/|https://freeconsul.co.jp/cs/consultingfirm/
タナベコンサルティンググループ,タナベコンサルティンググループ,2,https://consulfree.com/blog/consultingfirm/|https://www.onecareer.jp/companies/business_categories/1?page=10
デロイト トーマツ コンサルティング,デロイト トーマツ コンサルティング合同会社,2,https://www.movin.co.jp/gyoukai/firmlist/bigfirm.html|https://www.movin.co.jp/gyoukai/firmlist/strategy.html
パーソルワークスイッチコンサルティング,パーソルワークスイッチコンサルティング,2,https://consulfree.com/blog/consultingfirm/|https://www.onecareer.jp/companies/business_categories/1?page=6
マーケティングコンサル会社,マーケティングコンサル会社,2,https://consulfree.com/blog/consultingfirm/|https://freeconsul.co.jp/cs/consultingfirm/
リブ・コンサルティング,リブ・コンサルティング,2,https://consulfree.com/blog/consultingfirm/|https://www.onecareer.jp/companies/business_categories/1?page=1
ローランド・ベルガー,ローランド・ベルガー,2,https://consulfree.com/blog/consultingfirm/|https://www.onecareer.jp/companies/business_categories/1?page=2
三菱総合研究所,三菱総合研究所,2,https://freeconsul.co.jp/cs/consultingfirm/|https://www.onecareer.jp/companies/business_categories/1?page=2
博報堂コンサルティング,博報堂コンサルティング,2,https://consulfree.com/blog/consultingfirm/|https://www.onecareer.jp/companies/business_categories/1?page=3
山田コンサルティンググループ,山田コンサルティンググループ|山田コンサルティンググループ株式会社,2,https://freeconsul.co.jp/cs/consultingfirm/|https://www.onecareer.jp/companies/business_categories/1?page=2
戦略系コンサルティングファーム,戦略系コンサルティングファーム,2,https://consulfree.com/blog/consultingfirm/|https://freeconsul.co.jp/cs/consultingfirm/
日本総合研究所,日本総合研究所,2,https://consulfree.com/blog/consultingfirm/|https://www.onecareer.jp/companies/business_categories/1?page=1
日立コンサルティング,日立コンサルティング,2,https://consulfree.com/blog/consultingfirm/|https://www.onecareer.jp/companies/business_categories/1?page=1
株式会社KPMG FAS,株式会社KPMG FAS,2,https://freeconsul.co.jp/cs/consultingfirm/|https://www.movin.co.jp/gyoukai/firmlist/bigfirm.html
株式会社エヌ・ティ・ティ・データ経営研究所,株式会社エヌ・ティ・ティ・データ経営研究所,2,https://freeconsul.co.jp/cs/consultingfirm/|https://www.movin.co.jp/gyoukai/firmlist/bigfirm.html
株式会社三菱総合研究所,株式会社三菱総合研究所,2,https://freeconsul.co.jp/cs/consultingfirm/|https://www.movin.co.jp/gyoukai/firmlist/bigfirm.html
株式会社日本総合研究所,株式会社日本総合研究所,2,https://freeconsul.co.jp/cs/consultingfirm/|https://www.movin.co.jp/gyoukai/firmlist/bigfirm.html
株式会社日立コンサルティング,株式会社日立コンサルティング,2,https://freeconsul.co.jp/cs/consultingfirm/|https://www.movin.co.jp/gyoukai/firmlist/bigfirm.html
株式会社野村総合研究所,株式会社野村総合研究所,2,https://freeconsul.co.jp/cs/consultingfirm/|https://www.movin.co.jp/gyoukai/firmlist/bigfirm.html
組織人事系コンサルティングファーム,組織人事系コンサルティングファーム,2,https://consulfree.com/blog/consultingfirm/|https://freeconsul.co.jp/cs/consultingfirm/
総合系コンサルティングファーム,総合系コンサルティングファーム,2,https://consulfree.com/blog/consultingfirm/|https://freeconsul.co.jp/cs/consultingfirm/
野村総合研究所(NRI),野村総合研究所（NRI）,2,https://consulfree.com/blog/consultingfirm/|https://freeconsul.co.jp/cs/consultingfirm/
電通コンサルティング,電通コンサルティング,2,https://consulfree.com/blog/consultingfirm/|https://www.onecareer.jp/companies/business_categories/1?page=8
(旧)みずほ総合研究所,（旧）みずほ総合研究所,1,https://www.onecareer.jp/companies/business_categories/1?page=9
1.デロイトトーマツコンサルティング合同会社(DTC),1.デロイトトーマツコンサルティング合同会社（DTC）,1,https://consulfree.com/blog/consultingfirm/
1.デロイトトーマツファイナンシャルアドバイザリー合同会社(DTFA),1.デロイトトーマツファイナンシャルアドバイザリー合同会社（DTFA）,1,https://consulfree.com/blog/consultingfirm/
1.株式会社博報堂コンサルティング,1.株式会社博報堂コンサルティング,1,https://consulfree.com/blog/consultingfirm/
1.株式会社日立コンサルティング,1.株式会社日立コンサルティング,1,https://consulfree.com/blog/consultingfirm/
1.株式会社野村総合研究所(NRI),1.株式会社野村総合研究所（NRI）,1,https://consulfree.com/blog/consultingfirm/
11.山田コンサルティンググループ株式会社(YCG),11.山田コンサルティンググループ株式会社（YCG）,1,https://consulfree.com/blog/consultingfirm/
11.電通コンサルティング,11.電通コンサルティング,1,https://consulfree.com/blog/consultingfirm/
12.グローウィン・パートナーズ,12.グローウィン・パートナーズ株式会社,1,https://consulfree.com/blog/consultingfirm/
1943年にアメリカで設立されたコンサルティング会社,1943年にアメリカで設立されたコンサルティング会社,1,https://freeconsul.co.jp/cs/consultingfirm/
2. PwCコンサルティング,2. PwCコンサルティング 合同会社,1,https://consulfree.com/blog/consultingfirm/
2.PwCアドバイザリー,2.PwCアドバイザリー合同会社,1,https://consulfree.com/blog/consultingfirm/
2.アビームコンサルティング,2.アビームコンサルティング株式会社,1,https://consulfree.com/blog/consultingfirm/
2.ボストン・コンサルティング・グループ合同会社(BCG),2.ボストン・コンサルティング・グループ合同会社（BCG）,1,https://consulfree.com/blog/consultingfirm/
2.株式会社エヌ・ティ・ティ・データ経営研究所(NTTデータ),2.株式会社エヌ・ティ・ティ・データ経営研究所（NTTデータ）,1,https://consulfree.com/blog/consultingfirm/
20代コンサル転職,20代コンサル転職,1,https://consulfree.com/blog/consultingfirm/
20代コンサル転職エージェント,20代コンサル転職エージェント,1,https://consulfree.com/blog/consultingfirm/
3.KPMGコンサルティング,3.KPMGコンサルティング株式会社,1,https://consulfree.com/blog/consultingfirm/
3.株式会社KPMG FAS,3.株式会社KPMG FAS,1,https://consulfree.com/blog/consultingfirm/
3000を超える実績・事例 ※1 と豊富なノウハウによるコンサルティングが強み,3000を超える実績・事例 ※1 と豊富なノウハウによるコンサルティングが強み,1,https://freeconsul.co.jp/cs/consultingfirm/
30代コンサル転職,30代コンサル転職,1,https://consulfree.com/blog/consultingfirm/
30代コンサル転職エージェント,30代コンサル転職エージェント,1,https://consulfree.com/blog/consultingfirm/
4.EY ストラテジー・アンド・コンサルティング(EY Japan),4.EY ストラテジー・アンド・コンサルティング（EY Japan）,1,https://consulfree.com/blog/consultingfirm/
4.株式会社三菱総合研究所(MRI),4.株式会社三菱総合研究所（MRI）,1,https://consulfree.com/blog/consultingfirm/
4.株式会社船井総合研究所,4.株式会社船井総合研究所,1,https://consulfree.com/blog/consultingfirm/
40代のコンサル転職事情【未経験からの成功体験と失敗体験】 2026年3月6日,40代のコンサル転職事情【未経験からの成功体験と失敗体験】 2026年3月6日,1,https://consulfree.com/blog/consultingfirm/
40代コンサル転職,40代コンサル転職,1,https://consulfree.com/blog/consultingfirm/
40代コンサル転職エージェント,40代コンサル転職エージェント,1,https://consulfree.com/blog/consultingfirm/
5.日本タタ・コンサルタンシー・サービシズ,5.日本タタ・コンサルタンシー・サービシズ株式会社,1,https://consulfree.com/blog/consultingfirm/
5.株式会社タナベコンサルティング(TCG),5.株式会社タナベコンサルティング（TCG),1,https://consulfree.com/blog/consultingfirm/
5.株式会社日本総合研究所,5.株式会社日本総合研究所,1,https://consulfree.com/blog/consultingfirm/
6.株式会社リブ・コンサルティング,6.株式会社リブ・コンサルティング,1,https://consulfree.com/blog/consultingfirm/
7.パーソルワークスイッチコンサルティング,7.パーソルワークスイッチコンサルティング,1,https://consulfree.com/blog/consultingfirm/
7.三菱UFJリサーチ&コンサルティング,7.三菱UFJリサーチ&コンサルティング株式会社,1,https://consulfree.com/blog/consultingfirm/
8.みずほリサーチ&テクノロジーズ,8.みずほリサーチ&テクノロジーズ株式会社,1,https://consulfree.com/blog/consultingfirm/
8.アリックスパートナーズ,8.アリックスパートナーズ,1,https://consulfree.com/blog/consultingfirm/
8.モニターデロイト(デロイトトーマツコンサルティング合同会社),8.モニターデロイト（デロイトトーマツコンサルティング合同会社）,1,https://consulfree.com/blog/consultingfirm/
9. Strategy& (PwCコンサルティング合同会社),9. Strategy& （PwCコンサルティング合同会社）,1,https://consulfree.com/blog/consultingfirm/
AIコンサルタント,AIコンサルタント,1,https://consulfree.com/blog/consultingfirm/
AIコンサルティング会社,AIコンサルティング会社,1,https://freeconsul.co.jp/cs/consultingfirm/
B&DX,B&DX,1,https://www.onecareer.jp/companies/business_categories/1?page=1
BIG4の一角を占める総合コンサルティングファーム,BIG4の一角を占める総合コンサルティングファーム,1,https://freeconsul.co.jp/cs/consultingfirm/
BIG4コンサル会社,BIG4コンサル会社,1,https://consulfree.com/blog/consultingfirm/
BIG4系コンサルティングファーム,BIG4系コンサルティングファーム,1,https://consulfree.com/blog/consultingfirm/
BPRコンサルタント,BPRコンサルタント,1,https://consulfree.com/blog/consultingfirm/
C3(シーキューブ)飲食店経営・飲食コンサル・不動産賃貸売買事業,C3（シーキューブ）飲食店経営・飲食コンサル・不動産賃貸売買事業,1,https://www.onecareer.jp/companies/business_categories/1?page=14
DXコンサルタント,DXコンサルタント,1,https://consulfree.com/blog/consultingfirm/
DXコンサルティング会社,DXコンサルティング会社,1,https://freeconsul.co.jp/cs/consultingfirm/
ERPコンサルタント,ERPコンサルタント,1,https://consulfree.com/blog/consultingfirm/
EY ストラテジー・アンド・コンサルティング,EY ストラテジー・アンド・コンサルティング,1,https://consulfree.com/blog/consultingfirm/
FAS,FAS,1,https://consulfree.com/blog/consultingfirm/
FAS (DTFA・KPMG FAS・EYなど),FAS （DTFA・KPMG FAS・EYなど）,1,https://consulfree.com/blog/consultingfirm/
FAS・財務コンサル会社,FAS・財務コンサル会社,1,https://consulfree.com/blog/consultingfirm/
FAS転職,FAS転職,1,https://consulfree.com/blog/consultingfirm/
FAS転職エージェント,FAS転職エージェント,1,https://consulfree.com/blog/consultingfirm/
FPTコンサルティングジャパン,FPTコンサルティングジャパン,1,https://www.onecareer.jp/companies/business_categories/1?page=13
G-FAS,G-FAS株式会社,1,https://freeconsul.co.jp/cs/consultingfirm/
G-FAS株式会社(旧GCA FAS株式会社),G-FAS株式会社（旧GCA FAS株式会社）,1,https://freeconsul.co.jp/cs/consultingfirm/
ISMS認証コンサルティング会社,ISMS認証コンサルティング会社,1,https://freeconsul.co.jp/cs/consultingfirm/
ITコンサルタント,ITコンサルタント,1,https://consulfree.com/blog/consultingfirm/
ITコンサルティングファーム,ITコンサルティングファーム,1,https://consulfree.com/blog/consultingfirm/
ITコンサルティングファーム (アクセンチュア・アビーム・IBMなど),ITコンサルティングファーム （アクセンチュア・アビーム・IBMなど）,1,https://consulfree.com/blog/consultingfirm/
ITコンサルティング会社,ITコンサルティング会社,1,https://freeconsul.co.jp/cs/consultingfirm/
ITコンサル会社,ITコンサル会社,1,https://consulfree.com/blog/consultingfirm/
ITコンサル転職,ITコンサル転職,1,https://consulfree.com/blog/consultingfirm/
ITコンサル転職エージェント,ITコンサル転職エージェント,1,https://consulfree.com/blog/consultingfirm/
IT系コンサルティングファーム,IT系コンサルティングファーム,1,https://freeconsul.co.jp/cs/consultingfirm/
L.E.K.コンサルティング,L.E.K.コンサルティング,1,https://www.onecareer.jp/companies/business_categories/1?page=7
M&Aコンサル/アドバイザリー,M&Aコンサル/アドバイザリー,1,https://freeconsul.co.jp/cs/consultingfirm/
M&Aフィナンシャルアドバイザリーや事業再生など、専門性の高いサービスを提供,M&Aフィナンシャルアドバイザリーや事業再生など、専門性の高いサービスを提供,1,https://freeconsul.co.jp/cs/consultingfirm/
M&A・再生・インフラに特化した「ディールアドバイザリー」のプロ集団,M&A・再生・インフラに特化した「ディールアドバイザリー」のプロ集団,1,https://freeconsul.co.jp/cs/consultingfirm/
MUFGグループの中核を担う総合シンクタンク兼コンサルティングファーム,MUFGグループの中核を担う総合シンクタンク兼コンサルティングファーム,1,https://freeconsul.co.jp/cs/consultingfirm/
NEWOLD CAPITAL,NEWOLD CAPITAL,1,https://www.onecareer.jp/companies/business_categories/1?page=7
NIコンサルティング,NIコンサルティング,1,https://www.onecareer.jp/companies/business_categories/1?page=15
NTTデータグループの一員として、高品質なビジネスコンサルティングサービスを提供,NTTデータグループの一員として、高品質なビジネスコンサルティングサービスを提供,1,https://freeconsul.co.jp/cs/consultingfirm/
NTTデータ経営研究所,NTTデータ経営研究所,1,https://www.onecareer.jp/companies/business_categories/1?page=1
PMOコンサルタント,PMOコンサルタント,1,https://consulfree.com/blog/consultingfirm/
PwCネットワークの「戦略コンサルティング」を担う専門家集団,PwCネットワークの「戦略コンサルティング」を担う専門家集団,1,https://freeconsul.co.jp/cs/consultingfirm/
QO(旧：H.M.マーケティングリサーチ),QO（旧：H.M.マーケティングリサーチ）,1,https://www.onecareer.jp/companies/business_categories/1?page=9
Re-grit Partners (リグリットパートナーズ),Re-grit Partners （リグリットパートナーズ）,1,https://www.onecareer.jp/companies/business_categories/1?page=1
SAPコンサルタント,SAPコンサルタント,1,https://consulfree.com/blog/consultingfirm/
SCMコンサルタント,SCMコンサルタント,1,https://consulfree.com/blog/consultingfirm/
SEOコンサルタント,SEOコンサルタント,1,https://consulfree.com/blog/consultingfirm/
ULSコンサルティング,ULSコンサルティング,1,https://www.onecareer.jp/companies/business_categories/1?page=2
ZSアソシエイツ,ZSアソシエイツ,1,https://www.onecareer.jp/companies/business_categories/1?page=6
indi,indi,1,https://www.onecareer.jp/companies/business_categories/1?page=9
openwork「EYストラテジー・アンド・コンサルティング株式会社の年収・給与制度」,openwork「EYストラテジー・アンド・コンサルティング株式会社の年収・給与制度」,1,https://freeconsul.co.jp/cs/consultingfirm/
openwork「KPMG FASの年収・給与制度」,openwork「KPMG FASの年収・給与制度」,1,https://freeconsul.co.jp/cs/consultingfirm/
openwork「KPMGコンサルティング株式会社の年収・給与制度」,openwork「KPMGコンサルティング株式会社の年収・給与制度」,1,https://freeconsul.co.jp/cs/consultingfirm/
openwork「PwCアドバイザリーの年収・給与制度」,openwork「PwCアドバイザリーの年収・給与制度」,1,https://freeconsul.co.jp/cs/consultingfirm/
openwork「PwCコンサルティング合同会社の年収・給与制度」,openwork「PwCコンサルティング合同会社の年収・給与制度」,1,https://freeconsul.co.jp/cs/consultingfirm/
openwork「みずほリサーチ&テクノロジーズの年収・給与制度」,openwork「みずほリサーチ&テクノロジーズの年収・給与制度」,1,https://freeconsul.co.jp/cs/consultingfirm/
openwork「アビームコンサルティング株式会社の年収・給与制度」,openwork「アビームコンサルティング株式会社の年収・給与制度」,1,https://freeconsul.co.jp/cs/consultingfirm/
openwork「タナベコンサルティングの年収・給与制度」,openwork「タナベコンサルティングの年収・給与制度」,1,https://freeconsul.co.jp/cs/consultingfirm/
openwork「デロイトトーマツコンサルティング合同会社の年収・給与制度」,openwork「デロイトトーマツコンサルティング合同会社の年収・給与制度」,1,https://freeconsul.co.jp/cs/consultingfirm/
openwork「フォーティエンスコンサルティング株式会社(旧：クニエ)の年収・給与制度」,openwork「フォーティエンスコンサルティング株式会社（旧：クニエ）の年収・給与制度」,1,https://freeconsul.co.jp/cs/consultingfirm/
openwork「ボストン・コンサルティング・グループ合同会社(BCG)の年収・給与制度」,openwork「ボストン・コンサルティング・グループ合同会社（BCG）の年収・給与制度」,1,https://freeconsul.co.jp/cs/consultingfirm/
openwork「三菱UFJリサーチ&コンサルティング株式会社の年収・給与制度」,openwork「三菱UFJリサーチ&コンサルティング株式会社の年収・給与制度」,1,https://freeconsul.co.jp/cs/consultingfirm/
openwork「博報堂コンサルティングの年収・給与制度」,openwork「博報堂コンサルティングの年収・給与制度」,1,https://freeconsul.co.jp/cs/consultingfirm/
openwork「山田コンサルティンググループ株式会社の年収・給与制度」,openwork「山田コンサルティンググループ株式会社の年収・給与制度」,1,https://freeconsul.co.jp/cs/consultingfirm/
openwork「株式会社エヌ・ティ・ティ・データ経営研究所の年収・給与制度」,openwork「株式会社エヌ・ティ・ティ・データ経営研究所の年収・給与制度」,1,https://freeconsul.co.jp/cs/consultingfirm/
openwork「株式会社三菱総合研究所の年収・給与制度」,openwork「株式会社三菱総合研究所の年収・給与制度」,1,https://freeconsul.co.jp/cs/consultingfirm/
openwork「株式会社日本総合研究所の年収・給与制度」,openwork「株式会社日本総合研究所の年収・給与制度」,1,https://freeconsul.co.jp/cs/consultingfirm/
openwork「株式会社日立コンサルティングの年収・給与制度」,openwork「株式会社日立コンサルティングの年収・給与制度」,1,https://freeconsul.co.jp/cs/consultingfirm/
openwork「株式会社野村総合研究所の年収・給与制度」,openwork「株式会社野村総合研究所の年収・給与制度」,1,https://freeconsul.co.jp/cs/consultingfirm/
openwork「船井総合研究所の年収・給与制度」,openwork「船井総合研究所の年収・給与制度」,1,https://freeconsul.co.jp/cs/consultingfirm/
「コンサルティング × テクノロジー」で変革をエンドツーエンド支援,「コンサルティング × テクノロジー」で変革をエンドツーエンド支援,1,https://freeconsul.co.jp/cs/consultingfirm/
「シンクタンク×コンサル」の融合により、政策提言から企業戦略までカバー,「シンクタンク×コンサル」の融合により、政策提言から企業戦略までカバー,1,https://freeconsul.co.jp/cs/consultingfirm/
「チームコンサルティング」により、戦略から現場実装まで一気通貫,「チームコンサルティング」により、戦略から現場実装まで一気通貫,1,https://freeconsul.co.jp/cs/consultingfirm/
「ビジネスプロデュース」を掲げ、コンサルと投資を融合,「ビジネスプロデュース」を掲げ、コンサルと投資を融合,1,https://freeconsul.co.jp/cs/consultingfirm/
「リサーチ」「コンサル」「IT」「技術開発」の4機能を統合,「リサーチ」「コンサル」「IT」「技術開発」の4機能を統合,1,https://freeconsul.co.jp/cs/consultingfirm/
「論理」と「感性」を融合させた独自のブランドコンサルティング,「論理」と「感性」を融合させた独自のブランドコンサルティング,1,https://freeconsul.co.jp/cs/consultingfirm/
みずほリサーチ&テクノロジーズ(旧：みずほ情報総研),みずほリサーチ&テクノロジーズ（旧：みずほ情報総研）,1,https://www.onecareer.jp/companies/business_categories/1?page=3
みずほリサーチ&テクノロジーズ株式会社(2026年4月にみずほ銀行との合併によりみずほ総合研究所とする方針),みずほリサーチ&テクノロジーズ株式会社（2026年4月にみずほ銀行との合併によりみずほ総合研究所とする方針）,1,https://www.movin.co.jp/gyoukai/firmlist/bigfirm.html
みらいコンサルティング,みらいコンサルティング,1,https://www.onecareer.jp/companies/business_categories/1?page=7
りそな総合研究所,りそな総合研究所,1,https://www.onecareer.jp/companies/business_categories/1?page=14
アイテック(コンサル・シンクタンク),アイテック（コンサル・シンクタンク）,1,https://www.onecareer.jp/companies/business_categories/1?page=13
アウトルックコンサルティング,アウトルックコンサルティング,1,https://www.onecareer.jp/companies/business_categories/1?page=7
アクティヴァーチ・コンサルティング,アクティヴァーチ・コンサルティング,1,https://www.onecareer.jp/companies/business_categories/1?page=3
アシュアランス、コンサルティング、法務、ストラテジー、など幅広いサービスを提供,アシュアランス、コンサルティング、法務、ストラテジー、など幅広いサービスを提供,1,https://freeconsul.co.jp/cs/consultingfirm/
アズテックコンサルタンツ,アズテックコンサルタンツ,1,https://www.onecareer.jp/companies/business_categories/1?page=12
アリックスパートナーズ など,アリックスパートナーズ など,1,https://freeconsul.co.jp/cs/consultingfirm/
アローコンサルタント,アローコンサルタント,1,https://www.onecareer.jp/companies/business_categories/1?page=14
イギリスに本拠を置く大手コンサルティング企業,イギリスに本拠を置く大手コンサルティング企業,1,https://freeconsul.co.jp/cs/consultingfirm/
イグニション・ポイント,イグニション・ポイント,1,https://www.onecareer.jp/companies/business_categories/1?page=2
ウェルス・コンサルティング,ウェルス・コンサルティング,1,https://www.onecareer.jp/companies/business_categories/1?page=14
エックス都市研究所,エックス都市研究所,1,https://www.onecareer.jp/companies/business_categories/1?page=9
エヌ・ティ・ティ・データ経営研究所,エヌ・ティ・ティ・データ経営研究所,1,https://consulfree.com/blog/consultingfirm/
エヌ・ティ・ティ・データ経営研究所(NTTデータ),エヌ・ティ・ティ・データ経営研究所（NTTデータ）,1,https://consulfree.com/blog/consultingfirm/
エム・アール・アイ リサーチアソシエイツ,エム・アール・アイ リサーチアソシエイツ,1,https://www.onecareer.jp/companies/business_categories/1?page=11
オリエンタルコンサルタンツグローバル,オリエンタルコンサルタンツグローバル,1,https://www.onecareer.jp/companies/business_categories/1?page=8
オリバー・ワイマン,オリバー・ワイマン,1,https://www.onecareer.jp/companies/business_categories/1?page=6
オースビー,オースビー,1,https://www.onecareer.jp/companies/business_categories/1?page=2
カクシン,カクシン,1,https://www.onecareer.jp/companies/business_categories/1?page=8
クオンツ・コンサルティング,クオンツ・コンサルティング,1,https://www.onecareer.jp/companies/business_categories/1?page=3
クラウドワークスコンサルティング,クラウドワークスコンサルティング,1,https://www.onecareer.jp/companies/business_categories/1?page=9
グループ内には医療業界関連企業のほかリスクマネジメントコンサルなどを提供する企業も,グループ内には医療業界関連企業のほかリスクマネジメントコンサルなどを提供する企業も,1,https://freeconsul.co.jp/cs/consultingfirm/
グローウィン・パートナーズ,グローウィン・パートナーズ,1,https://consulfree.com/blog/consultingfirm/
グローバル・パートナーズ・テクノロジー,グローバル・パートナーズ・テクノロジー,1,https://www.onecareer.jp/companies/business_categories/1?page=8
グロービング,グロービング,1,https://www.onecareer.jp/companies/business_categories/1?page=7
ケンブリッジ・テクノロジー・パートナーズ,ケンブリッジ・テクノロジー・パートナーズ,1,https://www.onecareer.jp/companies/business_categories/1?page=3
コンサルBIG4(ビッグ4)とは？会社特徴・年収・転職難易度の違いを徹底比較【2026年最新】,コンサルBIG4（ビッグ4）とは？会社特徴・年収・転職難易度の違いを徹底比較【2026年最新】,1,https://consulfree.com/blog/consultingfirm/
コンサルBIG4・4大コンサル会社,コンサルBIG4・4大コンサル会社,1,https://freeconsul.co.jp/cs/consultingfirm/
コンサルGO,コンサルGO,1,https://freeconsul.co.jp/cs/consultingfirm/
コンサルとは,コンサルとは,1,https://consulfree.com/blog/consultingfirm/
コンサルとメディアの掛け算で革命を起こす「コンサルフリー」とは【企業インタビュー】,コンサルとメディアの掛け算で革命を起こす「コンサルフリー」とは【企業インタビュー】,1,https://consulfree.com/blog/consultingfirm/
コンサルの職務経歴書(レジュメ),コンサルの職務経歴書（レジュメ）,1,https://consulfree.com/blog/consultingfirm/
コンサルはやめとけ,コンサルはやめとけ,1,https://freeconsul.co.jp/cs/consultingfirm/
コンサルはやめとけというのは本当？,コンサルはやめとけというのは本当？,1,https://freeconsul.co.jp/cs/consultingfirm/
コンサルはやめとけ！コンサルはきつい！,コンサルはやめとけ！コンサルはきつい！,1,https://consulfree.com/blog/consultingfirm/
コンサルやめとけ,コンサルやめとけ,1,https://consulfree.com/blog/consultingfirm/
コンサルやりがい,コンサルやりがい,1,https://consulfree.com/blog/consultingfirm/
コンサルスキル,コンサルスキル,1,https://consulfree.com/blog/consultingfirm/
コンサルタント,コンサルタント,1,https://consulfree.com/blog/consultingfirm/
コンサルタントとは,コンサルタントとは,1,https://consulfree.com/blog/consultingfirm/
コンサルタントとは？仕事内容や業界特性をわかりやすく図解【2026年永久保存版】,コンサルタントとは？仕事内容や業界特性をわかりやすく図解【2026年永久保存版】,1,https://consulfree.com/blog/consultingfirm/
コンサルタントとは？何をする仕事か？,コンサルタントとは？何をする仕事か？,1,https://consulfree.com/blog/consultingfirm/
コンサルタントにおすすめな本・書籍,コンサルタントにおすすめな本・書籍,1,https://consulfree.com/blog/consultingfirm/
コンサルタントになるためにおすすめな本は？,コンサルタントになるためにおすすめな本は？,1,https://consulfree.com/blog/consultingfirm/
コンサルタントになるために必要な資格やスキルは？,コンサルタントになるために必要な資格やスキルは？,1,https://freeconsul.co.jp/cs/consultingfirm/
コンサルタントになるには,コンサルタントになるには,1,https://freeconsul.co.jp/cs/consultingfirm/
コンサルタントに必要なスキル,コンサルタントに必要なスキル,1,https://consulfree.com/blog/consultingfirm/
コンサルタントに必要なスキルや資格は？,コンサルタントに必要なスキルや資格は？,1,https://consulfree.com/blog/consultingfirm/
コンサルタントに必要な資格,コンサルタントに必要な資格,1,https://consulfree.com/blog/consultingfirm/
コンサルタントのやりがい,コンサルタントのやりがい,1,https://consulfree.com/blog/consultingfirm/
コンサルタントのやりがいは？向いている人はどんな人？,コンサルタントのやりがいは？向いている人はどんな人？,1,https://consulfree.com/blog/consultingfirm/
コンサルタントの仕事とは,コンサルタントの仕事とは,1,https://consulfree.com/blog/consultingfirm/
コンサルタントの仕事の種類,コンサルタントの仕事の種類,1,https://consulfree.com/blog/consultingfirm/
コンサルタントの年収,コンサルタントの年収,1,https://consulfree.com/blog/consultingfirm/
コンサルタントの年収はいくらか？,コンサルタントの年収はいくらか？,1,https://consulfree.com/blog/consultingfirm/
コンサルタントの役職・ポジション,コンサルタントの役職・ポジション,1,https://consulfree.com/blog/consultingfirm/
コンサルタントの業務委託契約,コンサルタントの業務委託契約,1,https://consulfree.com/blog/consultingfirm/
コンサルタントの種類,コンサルタントの種類,1,https://consulfree.com/blog/consultingfirm/
コンサルタントの費用相場や業務委託契約の種類は？,コンサルタントの費用相場や業務委託契約の種類は？,1,https://consulfree.com/blog/consultingfirm/
コンサルタントは副業できる？,コンサルタントは副業できる？,1,https://consulfree.com/blog/consultingfirm/
コンサルタントやめとけ,コンサルタントやめとけ,1,https://consulfree.com/blog/consultingfirm/
コンサルタントやりがい,コンサルタントやりがい,1,https://consulfree.com/blog/consultingfirm/
コンサルタントスキル,コンサルタントスキル,1,https://consulfree.com/blog/consultingfirm/
コンサルタント仕事,コンサルタント仕事,1,https://consulfree.com/blog/consultingfirm/
コンサルタント向いている人,コンサルタント向いている人,1,https://consulfree.com/blog/consultingfirm/
コンサルタント年収,コンサルタント年収,1,https://consulfree.com/blog/consultingfirm/
コンサルタント役職,コンサルタント役職,1,https://consulfree.com/blog/consultingfirm/
コンサルタント本・書籍,コンサルタント本・書籍,1,https://consulfree.com/blog/consultingfirm/
コンサルタント業務委託契約,コンサルタント業務委託契約,1,https://consulfree.com/blog/consultingfirm/
コンサルタント業界におすすめ転職エージェント,コンサルタント業界におすすめ転職エージェント,1,https://freeconsul.co.jp/cs/consultingfirm/
コンサルタント種類,コンサルタント種類,1,https://consulfree.com/blog/consultingfirm/
コンサルタント費用,コンサルタント費用,1,https://consulfree.com/blog/consultingfirm/
コンサルタント資格,コンサルタント資格,1,https://consulfree.com/blog/consultingfirm/
コンサルタント転職,コンサルタント転職,1,https://freeconsul.co.jp/cs/consultingfirm/
コンサルティングファーム,コンサルティングファーム,1,https://consulfree.com/blog/consultingfirm/
コンサルティングファーム(コンサル会社)とは？,コンサルティングファーム（コンサル会社）とは？,1,https://consulfree.com/blog/consultingfirm/
コンサルティングファーム(コンサル会社)に関するよくある質問,コンサルティングファーム（コンサル会社）に関するよくある質問,1,https://consulfree.com/blog/consultingfirm/
コンサルティングファームの種類,コンサルティングファームの種類,1,https://freeconsul.co.jp/cs/consultingfirm/
コンサルティング会社に向いているのはどんな人？,コンサルティング会社に向いているのはどんな人？,1,https://freeconsul.co.jp/cs/consultingfirm/
コンサルティング会社に関するよくある質問,コンサルティング会社に関するよくある質問,1,https://freeconsul.co.jp/cs/consultingfirm/
コンサルティング会社は何をする会社？,コンサルティング会社は何をする会社？,1,https://freeconsul.co.jp/cs/consultingfirm/
コンサルティング会社まとめ,コンサルティング会社まとめ,1,https://freeconsul.co.jp/cs/consultingfirm/
コンサルティング市場規模・将来予測,コンサルティング市場規模・将来予測,1,https://consulfree.com/blog/consultingfirm/
コンサルティング業界の市場規模,コンサルティング業界の市場規模,1,https://consulfree.com/blog/consultingfirm/
コンサルティング業界の市場規模は？,コンサルティング業界の市場規模は？,1,https://consulfree.com/blog/consultingfirm/
コンサルティング費用,コンサルティング費用,1,https://consulfree.com/blog/consultingfirm/
コンサルフリー,コンサルフリー,1,https://consulfree.com/blog/consultingfirm/
コンサルフリー(Consulfree),コンサルフリー（Consulfree）,1,https://consulfree.com/blog/consultingfirm/
コンサルフリーの特徴,コンサルフリーの特徴,1,https://consulfree.com/blog/consultingfirm/
コンサルフリーランス,コンサルフリーランス,1,https://consulfree.com/blog/consultingfirm/
コンサルフリーランス コンサルとメディアの掛け算で革命を起こす「コンサルフリー」とは【企業インタビュー】 2025年9月12日,コンサルフリーランス コンサルとメディアの掛け算で革命を起こす「コンサルフリー」とは【企業インタビュー】 2025年9月12日,1,https://consulfree.com/blog/consultingfirm/
コンサル会社,コンサル会社,1,https://consulfree.com/blog/consultingfirm/
コンサル会社とは何をする会社か？,コンサル会社とは何をする会社か？,1,https://consulfree.com/blog/consultingfirm/
コンサル副業,コンサル副業,1,https://consulfree.com/blog/consultingfirm/
コンサル向いている人,コンサル向いている人,1,https://consulfree.com/blog/consultingfirm/
コンサル市場規模,コンサル市場規模,1,https://consulfree.com/blog/consultingfirm/
コンサル年収,コンサル年収,1,https://consulfree.com/blog/consultingfirm/
コンサル役職,コンサル役職,1,https://consulfree.com/blog/consultingfirm/
コンサル志望動機,コンサル志望動機,1,https://consulfree.com/blog/consultingfirm/
コンサル本・書籍,コンサル本・書籍,1,https://consulfree.com/blog/consultingfirm/
コンサル業界,コンサル業界,1,https://consulfree.com/blog/consultingfirm/
コンサル業界におすすめ転職エージェント,コンサル業界におすすめ転職エージェント,1,https://freeconsul.co.jp/cs/consultingfirm/
コンサル業界に強いおすすめ転職エージェント,コンサル業界に強いおすすめ転職エージェント,1,https://consulfree.com/blog/consultingfirm/
コンサル業界に強い転職エージェント,コンサル業界に強い転職エージェント,1,https://consulfree.com/blog/consultingfirm/
コンサル業界はやめとけと言われる理由は？,コンサル業界はやめとけと言われる理由は？,1,https://consulfree.com/blog/consultingfirm/
コンサル業界転職エージェントおすすめ比較,コンサル業界転職エージェントおすすめ比較,1,https://consulfree.com/blog/consultingfirm/
コンサル激務,コンサル激務,1,https://consulfree.com/blog/consultingfirm/
コンサル特化型転職エージェント,コンサル特化型転職エージェント,1,https://consulfree.com/blog/consultingfirm/
コンサル独立,コンサル独立,1,https://consulfree.com/blog/consultingfirm/
コンサル種類,コンサル種類,1,https://consulfree.com/blog/consultingfirm/
コンサル職務経歴書(レジュメ),コンサル職務経歴書（レジュメ）,1,https://consulfree.com/blog/consultingfirm/
コンサル費用・料金,コンサル費用・料金,1,https://consulfree.com/blog/consultingfirm/
コンサル資格,コンサル資格,1,https://consulfree.com/blog/consultingfirm/
コンサル起業,コンサル起業,1,https://consulfree.com/blog/consultingfirm/
コンサル転職,コンサル転職,1,https://consulfree.com/blog/consultingfirm/
コンサル転職 【独自取材】MyVision(マイビジョン)の評判はなぜ高いのか？口コミや特徴の実態に迫る(社長インタビュー：山口翔平氏) 2026年1月12日,コンサル転職 【独自取材】MyVision（マイビジョン）の評判はなぜ高いのか？口コミや特徴の実態に迫る（社長インタビュー：山口翔平氏） 2026年1月12日,1,https://consulfree.com/blog/consultingfirm/
コンサル転職 【独自取材】コンコードエグゼクティブグループの評判はなぜ高いのか？口コミや特徴の裏側に迫る(社長インタビュー：CEO渡辺秀和氏) 2025年2月20日,コンサル転職 【独自取材】コンコードエグゼクティブグループの評判はなぜ高いのか？口コミや特徴の裏側に迫る（社長インタビュー：CEO渡辺秀和氏） 2025年2月20日,1,https://consulfree.com/blog/consultingfirm/
コンサル転職 未経験コンサル転職 20代コンサル転職 30代コンサル転職 40代コンサル転職,コンサル転職 未経験コンサル転職 20代コンサル転職 30代コンサル転職 40代コンサル転職,1,https://consulfree.com/blog/consultingfirm/
コンサル転職は何歳まで,コンサル転職は何歳まで,1,https://consulfree.com/blog/consultingfirm/
コンサル転職は何歳まで可能か？,コンサル転職は何歳まで可能か？,1,https://consulfree.com/blog/consultingfirm/
コンサル転職エージェント,コンサル転職エージェント,1,https://consulfree.com/blog/consultingfirm/
コンサル転職何歳まで,コンサル転職何歳まで,1,https://consulfree.com/blog/consultingfirm/
コンサル面接,コンサル面接,1,https://consulfree.com/blog/consultingfirm/
シグマクシス,シグマクシス,1,https://www.onecareer.jp/companies/business_categories/1?page=2
シンクタンク,シンクタンク,1,https://consulfree.com/blog/consultingfirm/
シンクタンク (NRI・NTT・日本総研など),シンクタンク （NRI・NTT・日本総研など）,1,https://consulfree.com/blog/consultingfirm/
シンクタンク・コンサルティング・ITソリューションの3つの機能を有する,シンクタンク・コンサルティング・ITソリューションの3つの機能を有する,1,https://freeconsul.co.jp/cs/consultingfirm/
シンクタンク系コンサルティングファーム,シンクタンク系コンサルティングファーム,1,https://freeconsul.co.jp/cs/consultingfirm/
ジェクト(コンサル・シンクタンク),ジェクト（コンサル・シンクタンク）,1,https://www.onecareer.jp/companies/business_categories/1?page=12
スカイライトコンサルティング,スカイライトコンサルティング,1,https://www.onecareer.jp/companies/business_categories/1?page=3
ゼロワン(コンサル・シンクタンク),ゼロワン（コンサル・シンクタンク）,1,https://www.onecareer.jp/companies/business_categories/1?page=12
タタ コンサルタンシー サービシズ ジャパン,タタ コンサルタンシー サービシズ ジャパン,1,https://www.movin.co.jp/gyoukai/firmlist/bigfirm.html
タタコンサルタンシーサービシズ,タタコンサルタンシーサービシズ,1,https://consulfree.com/blog/consultingfirm/
タナベコンサルティング,タナベコンサルティング,1,https://www.onecareer.jp/companies/business_categories/1?page=5
デザインコンサル会社,デザインコンサル会社,1,https://consulfree.com/blog/consultingfirm/
デロイト トーマツ ファイナンシャルアドバイザリー,デロイト トーマツ ファイナンシャルアドバイザリー合同会社,1,https://www.movin.co.jp/gyoukai/firmlist/bigfirm.html
デロイトトーマツ ファイナンシャルアドバイザリー(DTFA),デロイトトーマツ ファイナンシャルアドバイザリー（DTFA）,1,https://consulfree.com/blog/consultingfirm/
デロイトトーマツコンサルティング,デロイトトーマツコンサルティング,1,https://consulfree.com/blog/consultingfirm/
デロイトトーマツコンサルティング合同会社(DTC),デロイトトーマツコンサルティング合同会社（DTC）,1,https://consulfree.com/blog/consultingfirm/
トータルメディア開発研究所,トータルメディア開発研究所,1,https://www.onecareer.jp/companies/business_categories/1?page=9
ドルビックスコンサルティング,ドルビックスコンサルティング,1,https://www.onecareer.jp/companies/business_categories/1?page=7
ニュートン・コンサルティング,ニュートン・コンサルティング,1,https://www.onecareer.jp/companies/business_categories/1?page=14
ノースサンド,ノースサンド,1,https://www.onecareer.jp/companies/business_categories/1?page=2
ハイパフォーマーコンサルタント,ハイパフォーマーコンサルタント,1,https://consulfree.com/blog/consultingfirm/
バーチャレクス・コンサルティング,バーチャレクス・コンサルティング,1,https://www.onecareer.jp/companies/business_categories/1?page=4
パシフィックコンサルタンツ,パシフィックコンサルタンツ,1,https://www.onecareer.jp/companies/business_categories/1?page=2
パーソル総合研究所,パーソル総合研究所,1,https://www.onecareer.jp/companies/business_categories/1?page=9
ビジネスコンサルタント,ビジネスコンサルタント,1,https://www.onecareer.jp/companies/business_categories/1?page=5
ビジョン・コンサルティング,ビジョン・コンサルティング,1,https://www.onecareer.jp/companies/business_categories/1?page=7
ビデオリサーチ,ビデオリサーチ,1,https://www.onecareer.jp/companies/business_categories/1?page=4
フォーティエンスコンサルティング,フォーティエンスコンサルティング株式会社,1,https://freeconsul.co.jp/cs/consultingfirm/
フォーティエンスコンサルティング(旧：クニエ),フォーティエンスコンサルティング（旧：クニエ）,1,https://www.onecareer.jp/companies/business_categories/1?page=1
フォーティエンスコンサルティング株式会社(旧：クニエ),フォーティエンスコンサルティング株式会社（旧：クニエ）,1,https://freeconsul.co.jp/cs/consultingfirm/
フリーコンサル,フリーコンサル|フリーコンサル株式会社,1,https://freeconsul.co.jp/cs/consultingfirm/
フリーコンサル フリーランスエンジニア コンサルタント転職 IT・エンジニア転職 転職エージェント・転職サイト,フリーコンサル フリーランスエンジニア コンサルタント転職 IT・エンジニア転職 転職エージェント・転職サイト,1,https://freeconsul.co.jp/cs/consultingfirm/
フリーコンサルになるには,フリーコンサルになるには,1,https://consulfree.com/blog/consultingfirm/
フリーコンサルエージェント,フリーコンサルエージェント,1,https://consulfree.com/blog/consultingfirm/
フリーコンサルマッチングエージェント,フリーコンサルマッチングエージェント,1,https://consulfree.com/blog/consultingfirm/
フリーコンサルマッチングエージェントおすすめ,フリーコンサルマッチングエージェントおすすめ,1,https://consulfree.com/blog/consultingfirm/
フリーコンサル向け案件紹介エージェント,フリーコンサル向け案件紹介エージェント,1,https://freeconsul.co.jp/cs/consultingfirm/
フリーランス Freelance フリーランスエージェント フリーコンサルエージェント SAPフリーランスエージェント PMOフリーランスエージェント フリーコンサルになるには,フリーランス Freelance フリーランスエージェント フリーコンサルエージェント SAPフリーランスエージェント PMOフリーランスエージェント フリーコンサルになるには,1,https://consulfree.com/blog/consultingfirm/
フリーランスコンサルとは？,フリーランスコンサルとは？,1,https://consulfree.com/blog/consultingfirm/
フリーランスコンサルタント,フリーランスコンサルタント,1,https://consulfree.com/blog/consultingfirm/
フリーランスコンサルタント向けマッチングエージェント,フリーランスコンサルタント向けマッチングエージェント,1,https://consulfree.com/blog/consultingfirm/
ブティックコンサルティングファーム,ブティックコンサルティングファーム,1,https://consulfree.com/blog/consultingfirm/
ブティックコンサルティングファーム (YCP、リヴァンプなど),ブティックコンサルティングファーム （YCP、リヴァンプなど）,1,https://consulfree.com/blog/consultingfirm/
ブティックコンサル会社,ブティックコンサル会社,1,https://consulfree.com/blog/consultingfirm/
ブティック系コンサルティングファーム,ブティック系コンサルティングファーム,1,https://consulfree.com/blog/consultingfirm/
ブランドコンサルティングファーム,ブランドコンサルティングファーム,1,https://consulfree.com/blog/consultingfirm/
ブランドコンサルティング会社,ブランドコンサルティング会社,1,https://freeconsul.co.jp/cs/consultingfirm/
ブランドコンサル会社,ブランドコンサル会社,1,https://consulfree.com/blog/consultingfirm/
プライマル(コンサル・シンクタンク),プライマル（コンサル・シンクタンク）,1,https://www.onecareer.jp/companies/business_categories/1?page=8
プルータス・コンサルティング,プルータス・コンサルティング,1,https://www.onecareer.jp/companies/business_categories/1?page=11
プロレド・パートナーズ,プロレド・パートナーズ,1,https://www.onecareer.jp/companies/business_categories/1?page=9
ベイカレント,ベイカレント,1,https://www.onecareer.jp/companies/business_categories/1?page=1
ベイカレント・コンサルティング,ベイカレント・コンサルティング,1,https://consulfree.com/blog/consultingfirm/
ベンチュリーコンサルティング,ベンチュリーコンサルティング,1,https://www.onecareer.jp/companies/business_categories/1?page=14
ペイフォワードパートナーズ,ペイフォワードパートナーズ,1,https://www.onecareer.jp/companies/business_categories/1?page=3
ボストン コンサルティング グループ(BCG),ボストン コンサルティング グループ（BCG）,1,https://freeconsul.co.jp/cs/consultingfirm/
ボストンコンサルティンググループ,ボストンコンサルティンググループ,1,https://consulfree.com/blog/consultingfirm/
ボストンコンサルティンググループ(BCG),ボストンコンサルティンググループ（BCG）,1,https://consulfree.com/blog/consultingfirm/
ボストン・コンサルティング・グループ,ボストン・コンサルティング・グループ合同会社,1,https://freeconsul.co.jp/cs/consultingfirm/
ポストコンサルタント,ポストコンサルタント,1,https://consulfree.com/blog/consultingfirm/
ポストコンサル転職,ポストコンサル転職,1,https://consulfree.com/blog/consultingfirm/
ポストコンサル転職エージェント,ポストコンサル転職エージェント,1,https://consulfree.com/blog/consultingfirm/
マーケティングコンサルタント,マーケティングコンサルタント,1,https://consulfree.com/blog/consultingfirm/
マーケティングコンサルティングファーム,マーケティングコンサルティングファーム,1,https://consulfree.com/blog/consultingfirm/
マーケティングコンサルティングファーム (電通コンサル、博報堂コンサルなど),マーケティングコンサルティングファーム （電通コンサル、博報堂コンサルなど）,1,https://consulfree.com/blog/consultingfirm/
マーケティング系コンサルティングファーム,マーケティング系コンサルティングファーム,1,https://freeconsul.co.jp/cs/consultingfirm/
マース・アンド・コー・コンサルティング・ジャパン,マース・アンド・コー・コンサルティング・ジャパン,1,https://www.onecareer.jp/companies/business_categories/1?page=7
メック(コンサル・シンクタンク),メック（コンサル・シンクタンク）,1,https://www.onecareer.jp/companies/business_categories/1?page=13
ユーエス計画研究所,ユーエス計画研究所,1,https://www.onecareer.jp/companies/business_categories/1?page=9
ライズ・コンサルティング・グループ,ライズ・コンサルティング・グループ,1,https://www.onecareer.jp/companies/business_categories/1?page=2
レイヤーズ・コンサルティング,レイヤーズ・コンサルティング,1,https://www.onecareer.jp/companies/business_categories/1?page=3
ロングブラックパートナーズ,ロングブラックパートナーズ,1,https://www.onecareer.jp/companies/business_categories/1?page=15
一般財団法人計量計画研究所,一般財団法人計量計画研究所,1,https://www.onecareer.jp/companies/business_categories/1?page=11
三井物産戦略研究所,三井物産戦略研究所,1,https://www.onecareer.jp/companies/business_categories/1?page=14
三菱グループの総合シンクタンク,三菱グループの総合シンクタンク,1,https://freeconsul.co.jp/cs/consultingfirm/
三菱総合研究所(MRI),三菱総合研究所（MRI）,1,https://consulfree.com/blog/consultingfirm/
不二総合コンサルタント,不二総合コンサルタント,1,https://www.onecareer.jp/companies/business_categories/1?page=12
世界最高峰の戦略系コンサルティングファーム,世界最高峰の戦略系コンサルティングファーム,1,https://freeconsul.co.jp/cs/consultingfirm/
中央復建コンサルタンツ,中央復建コンサルタンツ,1,https://www.onecareer.jp/companies/business_categories/1?page=8
事業再生系コンサルティングファーム,事業再生系コンサルティングファーム,1,https://freeconsul.co.jp/cs/consultingfirm/
創業68年、東証プライム上場の日本におけるコンサルティングのパイオニア,創業68年、東証プライム上場の日本におけるコンサルティングのパイオニア,1,https://freeconsul.co.jp/cs/consultingfirm/
医療系コンサルティングファーム,医療系コンサルティングファーム,1,https://freeconsul.co.jp/cs/consultingfirm/
合同会社デロイトトーマツ(旧：デロイトトーマツコンサルティング合同会社),合同会社デロイトトーマツ（旧：デロイトトーマツコンサルティング合同会社）,1,https://freeconsul.co.jp/cs/consultingfirm/
名南経営コンサルティング,名南経営コンサルティング,1,https://www.onecareer.jp/companies/business_categories/1?page=12
国内独立系コンサルティングファーム,国内独立系コンサルティングファーム,1,https://freeconsul.co.jp/cs/consultingfirm/
地域総合計画研究所,地域総合計画研究所,1,https://www.onecareer.jp/companies/business_categories/1?page=13
外資コンサル会社,外資コンサル会社,1,https://consulfree.com/blog/consultingfirm/
外資系コンサルティングファーム,外資系コンサルティングファーム,1,https://consulfree.com/blog/consultingfirm/
外資系コンサル会社,外資系コンサル会社,1,https://consulfree.com/blog/consultingfirm/
大和証券グループの一員として、コンサルティングサービスを提供,大和証券グループの一員として、コンサルティングサービスを提供,1,https://freeconsul.co.jp/cs/consultingfirm/
大手のコンサル会社は？,大手のコンサル会社は？,1,https://consulfree.com/blog/consultingfirm/
太平洋総合コンサルタント,太平洋総合コンサルタント,1,https://www.onecareer.jp/companies/business_categories/1?page=12
山田コンサルティンググループ「山田コンサルと他社の違い」,山田コンサルティンググループ「山田コンサルと他社の違い」,1,https://freeconsul.co.jp/cs/consultingfirm/
山田ビジネスコンサルティング,山田ビジネスコンサルティング,1,https://consulfree.com/blog/consultingfirm/
建設技術研究所,建設技術研究所,1,https://www.onecareer.jp/companies/business_categories/1?page=6
復建技術コンサルタント,復建技術コンサルタント,1,https://www.onecareer.jp/companies/business_categories/1?page=6
戦略コンサルタント,戦略コンサルタント,1,https://consulfree.com/blog/consultingfirm/
戦略コンサルティングのパイオニア的な立ち位置,戦略コンサルティングのパイオニア的な立ち位置,1,https://freeconsul.co.jp/cs/consultingfirm/
戦略コンサルティングファーム,戦略コンサルティングファーム,1,https://consulfree.com/blog/consultingfirm/
戦略コンサルティングファーム (マッキンゼー・BCG・ベインなど),戦略コンサルティングファーム （マッキンゼー・BCG・ベインなど）,1,https://consulfree.com/blog/consultingfirm/
戦略コンサルティングファームの経験と医療現場の運営で培った現場力が強み,戦略コンサルティングファームの経験と医療現場の運営で培った現場力が強み,1,https://freeconsul.co.jp/cs/consultingfirm/
戦略コンサル会社,戦略コンサル会社,1,https://consulfree.com/blog/consultingfirm/
所属する部門により提供するコンサルティング領域が大きく異なりキャリアプランを描きづらい,所属する部門により提供するコンサルティング領域が大きく異なりキャリアプランを描きづらい,1,https://consulfree.com/blog/consultingfirm/
採用企業の方 業界初フリーランスコンサルタント 検索プラットフォームの詳細 >>,採用企業の方 業界初フリーランスコンサルタント 検索プラットフォームの詳細 >>,1,https://consulfree.com/blog/consultingfirm/
新晃総合コンサルタント,新晃総合コンサルタント,1,https://www.onecareer.jp/companies/business_categories/1?page=12
新規事業コンサル会社,新規事業コンサル会社,1,https://consulfree.com/blog/consultingfirm/
新規事業開発コンサルタント,新規事業開発コンサルタント,1,https://consulfree.com/blog/consultingfirm/
既成の解を押し付けない、自律したコンサルタント「職人集団」,既成の解を押し付けない、自律したコンサルタント「職人集団」,1,https://freeconsul.co.jp/cs/consultingfirm/
日本の三大コンサルは？,日本の三大コンサルは？,1,https://freeconsul.co.jp/cs/consultingfirm/
日本初の独立系戦略コンサルティングファームとして創業,日本初の独立系戦略コンサルティングファームとして創業,1,https://freeconsul.co.jp/cs/consultingfirm/
日本能率協会コンサルティング,日本能率協会コンサルティング,1,https://www.onecareer.jp/companies/business_categories/1?page=7
日系コンサルティングファーム,日系コンサルティングファーム,1,https://consulfree.com/blog/consultingfirm/
日系コンサルティングファーム (船井総研、YCG、リンクアンドモチベーションなど),日系コンサルティングファーム （船井総研、YCG、リンクアンドモチベーションなど）,1,https://consulfree.com/blog/consultingfirm/
日系コンサル会社,日系コンサル会社,1,https://consulfree.com/blog/consultingfirm/
日経リサーチ,日経リサーチ,1,https://www.onecareer.jp/companies/business_categories/1?page=7
未経験からコンサルタントに転職,未経験からコンサルタントに転職,1,https://consulfree.com/blog/consultingfirm/
未経験からコンサルタントに転職する方法と対策を外資コンサル出身者が語る 2026年3月6日,未経験からコンサルタントに転職する方法と対策を外資コンサル出身者が語る 2026年3月6日,1,https://consulfree.com/blog/consultingfirm/
未経験からコンサルティング業界に転職できるか？,未経験からコンサルティング業界に転職できるか？,1,https://consulfree.com/blog/consultingfirm/
未経験コンサル転職,未経験コンサル転職,1,https://consulfree.com/blog/consultingfirm/
東京コンサルティングファーム,東京コンサルティングファーム,1,https://www.onecareer.jp/companies/business_categories/1?page=14
東京商工リサーチ,東京商工リサーチ,1,https://www.onecareer.jp/companies/business_categories/1?page=6
東京海上ディーアール(旧：東京海上日動リスクコンサルティング),東京海上ディーアール（旧：東京海上日動リスクコンサルティング）,1,https://www.onecareer.jp/companies/business_categories/1?page=8
東急設計コンサルタント,東急設計コンサルタント,1,https://www.onecareer.jp/companies/business_categories/1?page=13
株式会社KPMGコンサルティング,株式会社KPMGコンサルティング,1,https://www.movin.co.jp/gyoukai/firmlist/bigfirm.html
株式会社グローバルヘルスコンサルティング・ジャパン,株式会社グローバルヘルスコンサルティング・ジャパン,1,https://freeconsul.co.jp/cs/consultingfirm/
株式会社グローバルヘルスコンサルティング・ジャパン「DPC病院向け経営コンサルティング」,株式会社グローバルヘルスコンサルティング・ジャパン「DPC病院向け経営コンサルティング」,1,https://freeconsul.co.jp/cs/consultingfirm/
株式会社タナベコンサルティング,株式会社タナベコンサルティング,1,https://freeconsul.co.jp/cs/consultingfirm/
株式会社タナベコンサルティング など,株式会社タナベコンサルティング など,1,https://freeconsul.co.jp/cs/consultingfirm/
株式会社フォーティエンスコンサルティング(旧クニエ),株式会社フォーティエンスコンサルティング（旧クニエ）,1,https://www.movin.co.jp/gyoukai/firmlist/bigfirm.html
株式会社ベイカレント(旧：株式会社ベイカレント・コンサルティング),株式会社ベイカレント（旧：株式会社ベイカレント・コンサルティング）,1,https://freeconsul.co.jp/cs/consultingfirm/
株式会社博報堂コンサルティング,株式会社博報堂コンサルティング,1,https://freeconsul.co.jp/cs/consultingfirm/
株式会社日立コンサルティング など,株式会社日立コンサルティング など,1,https://freeconsul.co.jp/cs/consultingfirm/
業務改善コンサルタント,業務改善コンサルタント,1,https://consulfree.com/blog/consultingfirm/
業種・テーマ別専門コンサルタントが在籍,業種・テーマ別専門コンサルタントが在籍,1,https://freeconsul.co.jp/cs/consultingfirm/
構造計画研究所ホールディングス,構造計画研究所ホールディングス,1,https://www.onecareer.jp/companies/business_categories/1?page=3
武蔵野(コンサル・シンクタンク),武蔵野（コンサル・シンクタンク）,1,https://www.onecareer.jp/companies/business_categories/1?page=10
気象工学研究所,気象工学研究所,1,https://www.onecareer.jp/companies/business_categories/1?page=12
浜銀総合研究所,浜銀総合研究所,1,https://www.onecareer.jp/companies/business_categories/1?page=3
独立コンサル会社,独立コンサル会社,1,https://consulfree.com/blog/consultingfirm/
独立系コンサルティングファーム,独立系コンサルティングファーム,1,https://consulfree.com/blog/consultingfirm/
独立系コンサルティングファーム (山田コンサル、日本経営グループなど),独立系コンサルティングファーム （山田コンサル、日本経営グループなど）,1,https://consulfree.com/blog/consultingfirm/
生成AIコンサルタント,生成AIコンサルタント,1,https://consulfree.com/blog/consultingfirm/
産業再生機構出身のプロが集う、実践型コンサルティングファーム,産業再生機構出身のプロが集う、実践型コンサルティングファーム,1,https://freeconsul.co.jp/cs/consultingfirm/
白潟総合研究所,白潟総合研究所,1,https://www.onecareer.jp/companies/business_categories/1?page=10
監査、税務、アドバイザリーの3つの分野にわたるサービス提供,監査、税務、アドバイザリーの3つの分野にわたるサービス提供,1,https://freeconsul.co.jp/cs/consultingfirm/
監査およびコンサルティング、ディールアドバイザリー、税務、法務のサービス提供,監査およびコンサルティング、ディールアドバイザリー、税務、法務のサービス提供,1,https://freeconsul.co.jp/cs/consultingfirm/
監査・保証業務、リスクアドバイザリー、コンサルティング、税務、法務など幅広いサービス提供,監査・保証業務、リスクアドバイザリー、コンサルティング、税務、法務など幅広いサービス提供,1,https://freeconsul.co.jp/cs/consultingfirm/
第二新卒コンサル転職エージェント,第二新卒コンサル転職エージェント,1,https://consulfree.com/blog/consultingfirm/
米国シカゴで設立された世界有数の戦略系コンサル会社,米国シカゴで設立された世界有数の戦略系コンサル会社,1,https://freeconsul.co.jp/cs/consultingfirm/
組織・人事コンサルティング会社,組織・人事コンサルティング会社,1,https://freeconsul.co.jp/cs/consultingfirm/
組織人事コンサルタント,組織人事コンサルタント,1,https://consulfree.com/blog/consultingfirm/
組織人事コンサルティングファーム,組織人事コンサルティングファーム,1,https://consulfree.com/blog/consultingfirm/
組織人事コンサルティングファーム (マーサー、エーオンなど),組織人事コンサルティングファーム （マーサー、エーオンなど）,1,https://consulfree.com/blog/consultingfirm/
組織人事コンサル会社,組織人事コンサル会社,1,https://consulfree.com/blog/consultingfirm/
経営コンサルと戦略的トランザクション支援を展開するEYグローバルのメンバーファーム,経営コンサルと戦略的トランザクション支援を展開するEYグローバルのメンバーファーム,1,https://freeconsul.co.jp/cs/consultingfirm/
経営コンサルタント,経営コンサルタント,1,https://consulfree.com/blog/consultingfirm/
経営コンサルティング、M&Aアドバイザリー、再生支援など幅広いサービス提供,経営コンサルティング、M&Aアドバイザリー、再生支援など幅広いサービス提供,1,https://freeconsul.co.jp/cs/consultingfirm/
経営コンサルティング事業と投資事業を主軸に、総合的なビジネスサポートを提供,経営コンサルティング事業と投資事業を主軸に、総合的なビジネスサポートを提供,1,https://freeconsul.co.jp/cs/consultingfirm/
経験豊富なコンサルタントによる実行支援型のコンサルティングを提供,経験豊富なコンサルタントによる実行支援型のコンサルティングを提供,1,https://freeconsul.co.jp/cs/consultingfirm/
総合コンサル,総合コンサル,1,https://freeconsul.co.jp/cs/consultingfirm/
総合コンサルタンツ,総合コンサルタンツ,1,https://www.onecareer.jp/companies/business_categories/1?page=12
総合コンサルティングファーム,総合コンサルティングファーム,1,https://consulfree.com/blog/consultingfirm/
総合コンサルティングファーム (7大コンサル),総合コンサルティングファーム （7大コンサル）,1,https://consulfree.com/blog/consultingfirm/
総合コンサル会社,総合コンサル会社,1,https://consulfree.com/blog/consultingfirm/
総合的なコンサルティングスキルを養うことができる,総合的なコンサルティングスキルを養うことができる,1,https://consulfree.com/blog/consultingfirm/
総合系コンサルティングファームとして、戦略立案から実行支援まで幅広いサービスを提供,総合系コンサルティングファームとして、戦略立案から実行支援まで幅広いサービスを提供,1,https://freeconsul.co.jp/cs/consultingfirm/
舘下コンサルタンツ,舘下コンサルタンツ,1,https://www.onecareer.jp/companies/business_categories/1?page=12
船井総合研究所「船井総合研究所が初めての方へ」,船井総合研究所「船井総合研究所が初めての方へ」,1,https://freeconsul.co.jp/cs/consultingfirm/
船井総研あがたFAS,船井総研あがたFAS,1,https://www.onecareer.jp/companies/business_categories/1?page=4
船井総研サプライチェーンコンサルティング(旧：船井総研ロジ),船井総研サプライチェーンコンサルティング（旧：船井総研ロジ）,1,https://www.onecareer.jp/companies/business_categories/1?page=4
船井総研ヒューマンキャピタルコンサルティング(旧：HR Force),船井総研ヒューマンキャピタルコンサルティング（旧：HR Force）,1,https://www.onecareer.jp/companies/business_categories/1?page=2
製造コンサルタント,製造コンサルタント,1,https://consulfree.com/blog/consultingfirm/
製造業コンサル会社,製造業コンサル会社,1,https://consulfree.com/blog/consultingfirm/
財務系コンサルティングファーム(FAS),財務系コンサルティングファーム（FAS）,1,https://freeconsul.co.jp/cs/consultingfirm/
適切な人材の採用支援や、社員の処遇・育成・動機付けに関するコンサルテーションも提供,適切な人材の採用支援や、社員の処遇・育成・動機付けに関するコンサルテーションも提供,1,https://freeconsul.co.jp/cs/consultingfirm/
野村フィデューシャリー・リサーチ＆コンサルティング,野村フィデューシャリー・リサーチ＆コンサルティング,1,https://www.onecareer.jp/companies/business_categories/1?page=15
野村総合研究所,野村総合研究所,1,https://www.onecareer.jp/companies/business_categories/1?page=1
野村證券株式会社調査部を発祥とする、日本最大規模のコンサルティングファーム,野村證券株式会社調査部を発祥とする、日本最大規模のコンサルティングファーム,1,https://freeconsul.co.jp/cs/consultingfirm/
高崎総合コンサルタント,高崎総合コンサルタント,1,https://www.onecareer.jp/companies/business_categories/1?page=12
高度な技術力と豊富な業界知識を活かしたコンサルティングサービスを提供,高度な技術力と豊富な業界知識を活かしたコンサルティングサービスを提供,1,https://freeconsul.co.jp/cs/consultingfirm/
