raw_name,source_url
マッキンゼー・アンド・カンパニー,https://www.movin.co.jp/gyoukai/firmlist/bigfirm.html
ボストン コンサルティング グループ合同会社,https://www.movin.co.jp/gyoukai/firmlist/bigfirm.html
ベイン・アンド・カンパニー・ジャパン・インコーポレイテッド,https://www.movin.co.jp/gyoukai/firmlist/bigfirm.html
アーサー・ディ・リトル・ジャパン株式会社（ブランド略称：ADL）,https://www.movin.co.jp/gyoukai/firmlist/bigfirm.html
A.T. カーニー株式会社,https://www.movin.co.jp/gyoukai/firmlist/bigfirm.html
株式会社ドリームインキュベータ,https://www.movin.co.jp/gyoukai/firmlist/bigfirm.html
PwCコンサルティング合同会社 ストラテジーコンサルティング（Strategy&）,https://www.movin.co.jp/gyoukai/firmlist/bigfirm.html
株式会社ローランド・ベルガー,https://www.movin.co.jp/gyoukai/firmlist/bigfirm.html
デロイト トーマツ コンサルティング合同会社,https://www.movin.co.jp/gyoukai/firmlist/bigfirm.html
株式会社コーポレイト ディレクション,https://www.movin.co.jp/gyoukai/firmlist/bigfirm.html
株式会社ピー・アンド・イー・ディレクションズ,https://www.movin.co.jp/gyoukai/firmlist/bigfirm.html
アクセンチュア株式会社,https://www.movin.co.jp/gyoukai/firmlist/bigfirm.html
合同会社デロイトトーマツ,https://www.movin.co.jp/gyoukai/firmlist/bigfirm.html
PwCコンサルティング合同会社,https://www.movin.co.jp/gyoukai/firmlist/bigfirm.html
株式会社KPMGコンサルティング,https://www.movin.co.jp/gyoukai/firmlist/bigfirm.html
EYストラテジー・アンド・コンサルティング株式会社,https://www.movin.co.jp/gyoukai/firmlist/bigfirm.html
日本アイ・ビー・エム株式会社,https://www.movin.co.jp/gyoukai/firmlist/bigfirm.html
アビームコンサルティング株式会社,https://www.movin.co.jp/gyoukai/firmlist/bigfirm.html
株式会社シグマクシス,https://www.movin.co.jp/gyoukai/firmlist/bigfirm.html
株式会社フォーティエンスコンサルティング（旧クニエ）,https://www.movin.co.jp/gyoukai/firmlist/bigfirm.html
株式会社日立コンサルティング,https://www.movin.co.jp/gyoukai/firmlist/bigfirm.html
株式会社ベイカレント,https://www.movin.co.jp/gyoukai/firmlist/bigfirm.html
Ridgelinez株式会社,https://www.movin.co.jp/gyoukai/firmlist/bigfirm.html
シンプレクス株式会社,https://www.movin.co.jp/gyoukai/firmlist/bigfirm.html
フューチャーアーキテクト株式会社,https://www.movin.co.jp/gyoukai/firmlist/bigfirm.html
キャップジェミニ株式会社,https://www.movin.co.jp/gyoukai/firmlist/bigfirm.html
タタ コンサルタンシー サービシズ ジャパン,https://www.movin.co.jp/gyoukai/firmlist/bigfirm.html
SAPジャパン株式会社,https://www.movin.co.jp/gyoukai/firmlist/bigfirm.html
株式会社野村総合研究所,https://www.movin.co.jp/gyoukai/firmlist/bigfirm.html
株式会社三菱総合研究所,https://www.movin.co.jp/gyoukai/firmlist/bigfirm.html
株式会社日本総合研究所,https://www.movin.co.jp/gyoukai/firmlist/bigfirm.html
株式会社エヌ・ティ・ティ・データ経営研究所,https://www.movin.co.jp/gyoukai/firmlist/bigfirm.html
三菱UFJリサーチ&コンサルティング株式会社,https://www.movin.co.jp/gyoukai/firmlist/bigfirm.html
みずほリサーチ&テクノロジーズ株式会社（2026年4月にみずほ銀行との合併によりみずほ総合研究所とする方針）,https://www.movin.co.jp/gyoukai/firmlist/bigfirm.html
マーサージャパン株式会社,https://www.movin.co.jp/gyoukai/firmlist/bigfirm.html
タワーズワトソン株式会社,https://www.movin.co.jp/gyoukai/firmlist/bigfirm.html
コーンフェリー・ジャパン株式会社,https://www.movin.co.jp/gyoukai/firmlist/bigfirm.html
エーオンソリューションズジャパン株式会社,https://www.movin.co.jp/gyoukai/firmlist/bigfirm.html
株式会社 コーチ・エィ,https://www.movin.co.jp/gyoukai/firmlist/bigfirm.html
株式会社リンクアンドモチベーション,https://www.movin.co.jp/gyoukai/firmlist/bigfirm.html
株式会社リクルートマネジメントソリューションズ,https://www.movin.co.jp/gyoukai/firmlist/bigfirm.html
株式会社 グロービス,https://www.movin.co.jp/gyoukai/firmlist/bigfirm.html
株式会社KPMG FAS,https://www.movin.co.jp/gyoukai/firmlist/bigfirm.html
デロイト トーマツ ファイナンシャルアドバイザリー合同会社,https://www.movin.co.jp/gyoukai/firmlist/bigfirm.html
PwCアドバイザリー合同会社,https://www.movin.co.jp/gyoukai/firmlist/bigfirm.html
アドバンスト・ビジネス・ダイレクションズグループ株式会社,https://www.movin.co.jp/gyoukai/firmlist/bigfirm.html
フーリハン・ローキー株式会社,https://www.movin.co.jp/gyoukai/firmlist/bigfirm.html
アリックスパートナーズ,https://www.movin.co.jp/gyoukai/firmlist/bigfirm.html
株式会社 経営共創基盤,https://www.movin.co.jp/gyoukai/firmlist/bigfirm.html
フロンティア・マネジメント株式会社,https://www.movin.co.jp/gyoukai/firmlist/bigfirm.html
マッキンゼー・アンド・カンパニー,https://www.movin.co.jp/gyoukai/firmlist/strategy.html
ボストン コンサルティング グループ合同会社,https://www.movin.co.jp/gyoukai/firmlist/strategy.html
ベイン・アンド・カンパニー・ジャパン・インコーポレイテッド,https://www.movin.co.jp/gyoukai/firmlist/strategy.html
アーサー・ディ・リトル・ジャパン株式会社（ブランド略称：ADL）,https://www.movin.co.jp/gyoukai/firmlist/strategy.html
A.T. カーニー株式会社,https://www.movin.co.jp/gyoukai/firmlist/strategy.html
株式会社ドリームインキュベータ,https://www.movin.co.jp/gyoukai/firmlist/strategy.html
PwCコンサルティング合同会社 ストラテジーコンサルティング（Strategy&）,https://www.movin.co.jp/gyoukai/firmlist/strategy.html
株式会社ローランド・ベルガー,https://www.movin.co.jp/gyoukai/firmlist/strategy.html
デロイト トーマツ コンサルティング合同会社,https://www.movin.co.jp/gyoukai/firmlist/strategy.html
株式会社コーポレイト ディレクション,https://www.movin.co.jp/gyoukai/firmlist/strategy.html
株式会社ピー・アンド・イー・ディレクションズ,https://www.movin.co.jp/gyoukai/firmlist/strategy.html
野村総合研究所,https://www.onecareer.jp/companies/business_categories/1?page=1
アビームコンサルティング,https://www.onecareer.jp/companies/business_categories/1?page=1
ボストン コンサルティング グループ,https://www.onecareer.jp/companies/business_categories/1?page=1
KPMGコンサルティング,https://www.onecareer.jp/companies/business_categories/1?page=1
Re-grit Partners （リグリットパートナーズ）,https://www.onecareer.jp/companies/business_categories/1?page=1
アクセンチュア,https://www.onecareer.jp/companies/business_categories/1?page=1
NTTデータ経営研究所,https://www.onecareer.jp/companies/business_categories/1?page=1
日立コンサルティング,https://www.onecareer.jp/companies/business_categories/1?page=1
ベイカレント,https://www.onecareer.jp/companies/business_categories/1?page=1
ベイン・アンド・カンパニー,https://www.onecareer.jp/companies/business_categories/1?page=1
リンクアンドモチベーション,https://www.onecareer.jp/companies/business_categories/1?page=1
合同会社デロイト トーマツ／リスクアドバイザリー,https://www.onecareer.jp/companies/business_categories/1?page=1
マネジメントソリューションズ,https://www.onecareer.jp/companies/business_categories/1?page=1
三菱UFJリサーチ&コンサルティング,https://www.onecareer.jp/companies/business_categories/1?page=1
シンプレクス・ホールディングス,https://www.onecareer.jp/companies/business_categories/1?page=1
リブ・コンサルティング,https://www.onecareer.jp/companies/business_categories/1?page=1
B&DX,https://www.onecareer.jp/companies/business_categories/1?page=1
A.T. カーニー,https://www.onecareer.jp/companies/business_categories/1?page=1
合同会社デロイト トーマツ／ファイナンシャルアドバイザリー,https://www.onecareer.jp/companies/business_categories/1?page=1
日本総合研究所,https://www.onecareer.jp/companies/business_categories/1?page=1
フューチャー（フューチャーアーキテクト）,https://www.onecareer.jp/companies/business_categories/1?page=1
PwC Japan有限責任監査法人（旧：PwCあらた有限責任監査法人）,https://www.onecareer.jp/companies/business_categories/1?page=1
船井総合研究所,https://www.onecareer.jp/companies/business_categories/1?page=1
フォーティエンスコンサルティング（旧：クニエ）,https://www.onecareer.jp/companies/business_categories/1?page=1
PwCコンサルティング合同会社,https://www.onecareer.jp/companies/business_categories/1?page=1
EYストラテジー・アンド・コンサルティング,https://www.onecareer.jp/companies/business_categories/1?page=2
イグニション・ポイント,https://www.onecareer.jp/companies/business_categories/1?page=2
ローランド・ベルガー,https://www.onecareer.jp/companies/business_categories/1?page=2
パシフィックコンサルタンツ,https://www.onecareer.jp/companies/business_categories/1?page=2
船井総研ヒューマンキャピタルコンサルティング（旧：HR Force）,https://www.onecareer.jp/companies/business_categories/1?page=2
KPMG税理士法人,https://www.onecareer.jp/companies/business_categories/1?page=2
ヴァリューズ,https://www.onecareer.jp/companies/business_categories/1?page=2
ドリームインキュベータ,https://www.onecareer.jp/companies/business_categories/1?page=2
合同会社デロイト トーマツ／コンサルティング,https://www.onecareer.jp/companies/business_categories/1?page=2
大和総研,https://www.onecareer.jp/companies/business_categories/1?page=2
ノースサンド,https://www.onecareer.jp/companies/business_categories/1?page=2
フロンティア,https://www.onecareer.jp/companies/business_categories/1?page=2
メディクルード,https://www.onecareer.jp/companies/business_categories/1?page=2
ビービット,https://www.onecareer.jp/companies/business_categories/1?page=2
山田コンサルティンググループ,https://www.onecareer.jp/companies/business_categories/1?page=2
三菱総合研究所,https://www.onecareer.jp/companies/business_categories/1?page=2
船井総研ホールディングス（船井総研グループ）,https://www.onecareer.jp/companies/business_categories/1?page=2
シグマクシス,https://www.onecareer.jp/companies/business_categories/1?page=2
マッキンゼー・アンド・カンパニー,https://www.onecareer.jp/companies/business_categories/1?page=2
ライズ・コンサルティング・グループ,https://www.onecareer.jp/companies/business_categories/1?page=2
デロイト トーマツ サイバー合同会社,https://www.onecareer.jp/companies/business_categories/1?page=2
セガエックスディー,https://www.onecareer.jp/companies/business_categories/1?page=2
ULSコンサルティング,https://www.onecareer.jp/companies/business_categories/1?page=2
INTLOOP,https://www.onecareer.jp/companies/business_categories/1?page=2
オースビー,https://www.onecareer.jp/companies/business_categories/1?page=2
スカイライトコンサルティング,https://www.onecareer.jp/companies/business_categories/1?page=3
レイヤーズ・コンサルティング,https://www.onecareer.jp/companies/business_categories/1?page=3
浜銀総合研究所,https://www.onecareer.jp/companies/business_categories/1?page=3
マクロミル,https://www.onecareer.jp/companies/business_categories/1?page=3
Dirbato（ディルバート）,https://www.onecareer.jp/companies/business_categories/1?page=3
Legaseed,https://www.onecareer.jp/companies/business_categories/1?page=3
えびす商店,https://www.onecareer.jp/companies/business_categories/1?page=3
EY新日本有限責任監査法人（旧：新日本有限責任監査法人）,https://www.onecareer.jp/companies/business_categories/1?page=3
リクルートマネジメントソリューションズ,https://www.onecareer.jp/companies/business_categories/1?page=3
日本経営,https://www.onecareer.jp/companies/business_categories/1?page=3
コーン・フェリー・ジャパン,https://www.onecareer.jp/companies/business_categories/1?page=3
キヤノンビズアテンダ,https://www.onecareer.jp/companies/business_categories/1?page=3
エル・ティー・エス,https://www.onecareer.jp/companies/business_categories/1?page=3
ペイフォワードパートナーズ,https://www.onecareer.jp/companies/business_categories/1?page=3
みずほリサーチ&テクノロジーズ（旧：みずほ情報総研）,https://www.onecareer.jp/companies/business_categories/1?page=3
構造計画研究所ホールディングス,https://www.onecareer.jp/companies/business_categories/1?page=3
アチーブメント,https://www.onecareer.jp/companies/business_categories/1?page=3
ケンブリッジ・テクノロジー・パートナーズ,https://www.onecareer.jp/companies/business_categories/1?page=3
アクティヴァーチ・コンサルティング,https://www.onecareer.jp/companies/business_categories/1?page=3
博報堂コンサルティング,https://www.onecareer.jp/companies/business_categories/1?page=3
CONSCIENCE,https://www.onecareer.jp/companies/business_categories/1?page=3
TMI総合法律事務所,https://www.onecareer.jp/companies/business_categories/1?page=3
SEVENRICH Accounting（SEVENRICH GROUP）,https://www.onecareer.jp/companies/business_categories/1?page=3
クオンツ・コンサルティング,https://www.onecareer.jp/companies/business_categories/1?page=3
B・S・L,https://www.onecareer.jp/companies/business_categories/1?page=3
バーチャレクス・コンサルティング,https://www.onecareer.jp/companies/business_categories/1?page=4
Bizauth,https://www.onecareer.jp/companies/business_categories/1?page=4
船井総研あがたFAS,https://www.onecareer.jp/companies/business_categories/1?page=4
税理士法人山田&パートナーズ,https://www.onecareer.jp/companies/business_categories/1?page=4
PwCアドバイザリー合同会社,https://www.onecareer.jp/companies/business_categories/1?page=4
Ascent Business Consulting,https://www.onecareer.jp/companies/business_categories/1?page=4
船井総研サプライチェーンコンサルティング（旧：船井総研ロジ）,https://www.onecareer.jp/companies/business_categories/1?page=4
税理士法人クオリティ・ワン,https://www.onecareer.jp/companies/business_categories/1?page=4
長島・大野・常松法律事務所,https://www.onecareer.jp/companies/business_categories/1?page=4
アバント,https://www.onecareer.jp/companies/business_categories/1?page=4
Strategy&,https://www.onecareer.jp/companies/business_categories/1?page=4
Anfini,https://www.onecareer.jp/companies/business_categories/1?page=4
アーサー・ディ・リトル,https://www.onecareer.jp/companies/business_categories/1?page=4
ゴウリカマーケティング,https://www.onecareer.jp/companies/business_categories/1?page=4
経営共創基盤（IGPI）,https://www.onecareer.jp/companies/business_categories/1?page=4
ナシエルホールディングス,https://www.onecareer.jp/companies/business_categories/1?page=4
ZEIN,https://www.onecareer.jp/companies/business_categories/1?page=4
中日本ハイウェイ・エンジニアリング名古屋,https://www.onecareer.jp/companies/business_categories/1?page=4
太陽グラントソントン税理士法人,https://www.onecareer.jp/companies/business_categories/1?page=4
インテージ,https://www.onecareer.jp/companies/business_categories/1?page=4
国際航業,https://www.onecareer.jp/companies/business_categories/1?page=4
シグマクシス・ホールディングス,https://www.onecareer.jp/companies/business_categories/1?page=4
キャップジェミニ,https://www.onecareer.jp/companies/business_categories/1?page=4
ビデオリサーチ,https://www.onecareer.jp/companies/business_categories/1?page=4
リライアス,https://www.onecareer.jp/companies/business_categories/1?page=4
Solvvy,https://www.onecareer.jp/companies/business_categories/1?page=5
ユカリア,https://www.onecareer.jp/companies/business_categories/1?page=5
デロイト トーマツ ベンチャーサポート,https://www.onecareer.jp/companies/business_categories/1?page=5
日本郵政コーポレートサービス（旧：日本郵政スタッフ）,https://www.onecareer.jp/companies/business_categories/1?page=5
エスネットワークス,https://www.onecareer.jp/companies/business_categories/1?page=5
ストライク,https://www.onecareer.jp/companies/business_categories/1?page=5
タナベコンサルティング,https://www.onecareer.jp/companies/business_categories/1?page=5
マックスガイホールディングス,https://www.onecareer.jp/companies/business_categories/1?page=5
Lupinus,https://www.onecareer.jp/companies/business_categories/1?page=5
アイドマ・ホールディングス,https://www.onecareer.jp/companies/business_categories/1?page=5
KPMG FAS,https://www.onecareer.jp/companies/business_categories/1?page=5
ベリーベスト法律事務所,https://www.onecareer.jp/companies/business_categories/1?page=5
Ballista,https://www.onecareer.jp/companies/business_categories/1?page=5
Ridgelinez,https://www.onecareer.jp/companies/business_categories/1?page=5
帝国データバンク,https://www.onecareer.jp/companies/business_categories/1?page=5
サティス,https://www.onecareer.jp/companies/business_categories/1?page=5
富士経済グループ（グループ募集）,https://www.onecareer.jp/companies/business_categories/1?page=5
税理士法人G.C FACTORY,https://www.onecareer.jp/companies/business_categories/1?page=5
EY税理士法人,https://www.onecareer.jp/companies/business_categories/1?page=5
For A-career,https://www.onecareer.jp/companies/business_categories/1?page=5
麻生,https://www.onecareer.jp/companies/business_categories/1?page=5
エイム,https://www.onecareer.jp/companies/business_categories/1?page=5
ビジネスコンサルタント,https://www.onecareer.jp/companies/business_categories/1?page=5
インテリジェントフォース,https://www.onecareer.jp/companies/business_categories/1?page=5
税理士法人アイユーコンサルティング,https://www.onecareer.jp/companies/business_categories/1?page=5
YCP Solidiance,https://www.onecareer.jp/companies/business_categories/1?page=6
マーサージャパン,https://www.onecareer.jp/companies/business_categories/1?page=6
ペイロール,https://www.onecareer.jp/companies/business_categories/1?page=6
ZSアソシエイツ,https://www.onecareer.jp/companies/business_categories/1?page=6
NO IMAGE,https://www.onecareer.jp/companies/business_categories/1?page=6
建設技術研究所,https://www.onecareer.jp/companies/business_categories/1?page=6
NO IMAGE,https://www.onecareer.jp/companies/business_categories/1?page=6
西村あさひ法律事務所,https://www.onecareer.jp/companies/business_categories/1?page=6
レイスグループ,https://www.onecareer.jp/companies/business_categories/1?page=6
トヨタエンタプライズ,https://www.onecareer.jp/companies/business_categories/1?page=6
コーポレイト ディレクション,https://www.onecareer.jp/companies/business_categories/1?page=6
富士フイルムビジネスエキスパート,https://www.onecareer.jp/companies/business_categories/1?page=6
ユーソナー（旧：ランドスケイプ）,https://www.onecareer.jp/companies/business_categories/1?page=6
NO IMAGE,https://www.onecareer.jp/companies/business_categories/1?page=6
オリバー・ワイマン,https://www.onecareer.jp/companies/business_categories/1?page=6
NO IMAGE,https://www.onecareer.jp/companies/business_categories/1?page=6
あずさ監査法人,https://www.onecareer.jp/companies/business_categories/1?page=6
プライム・ブレインズ,https://www.onecareer.jp/companies/business_categories/1?page=6
PIGNUS（ピグナス）,https://www.onecareer.jp/companies/business_categories/1?page=6
うぇるねす,https://www.onecareer.jp/companies/business_categories/1?page=6
東京商工リサーチ,https://www.onecareer.jp/companies/business_categories/1?page=6
NO IMAGE,https://www.onecareer.jp/companies/business_categories/1?page=6
デロイトトーマツ税理士法人,https://www.onecareer.jp/companies/business_categories/1?page=6
NO IMAGE,https://www.onecareer.jp/companies/business_categories/1?page=6
令和アカウンティング・ホールディングス,https://www.onecareer.jp/companies/business_categories/1?page=6
NO IMAGE,https://www.onecareer.jp/companies/business_categories/1?page=6
辻・本郷 税理士法人,https://www.onecareer.jp/companies/business_categories/1?page=6
復建技術コンサルタント,https://www.onecareer.jp/companies/business_categories/1?page=6
パーソルワークスイッチコンサルティング,https://www.onecareer.jp/companies/business_categories/1?page=6
エム・シー・アイ,https://www.onecareer.jp/companies/business_categories/1?page=6
KTオフィス土地家屋調査士法人,https://www.onecareer.jp/companies/business_categories/1?page=6
ランドマーク税理士法人,https://www.onecareer.jp/companies/business_categories/1?page=6
NO IMAGE,https://www.onecareer.jp/companies/business_categories/1?page=7
SCSKサービスウェア,https://www.onecareer.jp/companies/business_categories/1?page=7
ビジョン・コンサルティング,https://www.onecareer.jp/companies/business_categories/1?page=7
日本能率協会コンサルティング,https://www.onecareer.jp/companies/business_categories/1?page=7
グロービング,https://www.onecareer.jp/companies/business_categories/1?page=7
NO IMAGE,https://www.onecareer.jp/companies/business_categories/1?page=7
マース・アンド・コー・コンサルティング・ジャパン,https://www.onecareer.jp/companies/business_categories/1?page=7
ソコテック・サーティフィケーション・ジャパン,https://www.onecareer.jp/companies/business_categories/1?page=7
ドルビックスコンサルティング,https://www.onecareer.jp/companies/business_categories/1?page=7
エフアンドエム,https://www.onecareer.jp/companies/business_categories/1?page=7
弁理士法人創英,https://www.onecareer.jp/companies/business_categories/1?page=7
アウトルックコンサルティング,https://www.onecareer.jp/companies/business_categories/1?page=7
日経リサーチ,https://www.onecareer.jp/companies/business_categories/1?page=7
ID&Eホールディングス,https://www.onecareer.jp/companies/business_categories/1?page=7
PwCビジネスアシュアランス合同会社,https://www.onecareer.jp/companies/business_categories/1?page=7
みらいコンサルティング,https://www.onecareer.jp/companies/business_categories/1?page=7
L.E.K.コンサルティング,https://www.onecareer.jp/companies/business_categories/1?page=7
ジール,https://www.onecareer.jp/companies/business_categories/1?page=7
リヴァンプ,https://www.onecareer.jp/companies/business_categories/1?page=7
アルティウスリンク,https://www.onecareer.jp/companies/business_categories/1?page=7
NO IMAGE,https://www.onecareer.jp/companies/business_categories/1?page=7
PwC税理士法人,https://www.onecareer.jp/companies/business_categories/1?page=7
FCE Holdings,https://www.onecareer.jp/companies/business_categories/1?page=7
アイ・アールジャパン,https://www.onecareer.jp/companies/business_categories/1?page=7
NO IMAGE,https://www.onecareer.jp/companies/business_categories/1?page=7
宝印刷,https://www.onecareer.jp/companies/business_categories/1?page=7
X Capital,https://www.onecareer.jp/companies/business_categories/1?page=7
NEWOLD CAPITAL,https://www.onecareer.jp/companies/business_categories/1?page=7
サーキュレーション,https://www.onecareer.jp/companies/business_categories/1?page=7
アクティベーションストラテジー,https://www.onecareer.jp/companies/business_categories/1?page=8
ベネフィット・ワン,https://www.onecareer.jp/companies/business_categories/1?page=8
グローバル・パートナーズ・テクノロジー,https://www.onecareer.jp/companies/business_categories/1?page=8
NO IMAGE,https://www.onecareer.jp/companies/business_categories/1?page=8
税理士法人レガシィ,https://www.onecareer.jp/companies/business_categories/1?page=8
GLUG,https://www.onecareer.jp/companies/business_categories/1?page=8
NO IMAGE,https://www.onecareer.jp/companies/business_categories/1?page=8
オリエンタルコンサルタンツグローバル,https://www.onecareer.jp/companies/business_categories/1?page=8
インキュベイトファンド,https://www.onecareer.jp/companies/business_categories/1?page=8
NO IMAGE,https://www.onecareer.jp/companies/business_categories/1?page=8
税理士法人令和会計社,https://www.onecareer.jp/companies/business_categories/1?page=8
ベルシステム24,https://www.onecareer.jp/companies/business_categories/1?page=8
NO IMAGE,https://www.onecareer.jp/companies/business_categories/1?page=8
野村不動産コマース,https://www.onecareer.jp/companies/business_categories/1?page=8
NO IMAGE,https://www.onecareer.jp/companies/business_categories/1?page=8
三井物産都市開発,https://www.onecareer.jp/companies/business_categories/1?page=8
東京海上ディーアール（旧：東京海上日動リスクコンサルティング）,https://www.onecareer.jp/companies/business_categories/1?page=8
NO IMAGE,https://www.onecareer.jp/companies/business_categories/1?page=8
中央復建コンサルタンツ,https://www.onecareer.jp/companies/business_categories/1?page=8
NO IMAGE,https://www.onecareer.jp/companies/business_categories/1?page=8
（旧）富士通総研,https://www.onecareer.jp/companies/business_categories/1?page=8
NO IMAGE,https://www.onecareer.jp/companies/business_categories/1?page=8
エイト日本技術開発,https://www.onecareer.jp/companies/business_categories/1?page=8
NO IMAGE,https://www.onecareer.jp/companies/business_categories/1?page=8
JR東日本マネジメントサービス,https://www.onecareer.jp/companies/business_categories/1?page=8
東急ファイナンスアンドアカウンティング,https://www.onecareer.jp/companies/business_categories/1?page=8
コマースニジュウイチ,https://www.onecareer.jp/companies/business_categories/1?page=8
カクシン,https://www.onecareer.jp/companies/business_categories/1?page=8
NO IMAGE,https://www.onecareer.jp/companies/business_categories/1?page=8
電通コンサルティング,https://www.onecareer.jp/companies/business_categories/1?page=8
NO IMAGE,https://www.onecareer.jp/companies/business_categories/1?page=8
プライマル（コンサル・シンクタンク）,https://www.onecareer.jp/companies/business_categories/1?page=8
NO IMAGE,https://www.onecareer.jp/companies/business_categories/1?page=8
All Ads（旧：ネットマーケティング）,https://www.onecareer.jp/companies/business_categories/1?page=8
ブティックス,https://www.onecareer.jp/companies/business_categories/1?page=8
レジェンダ・コーポレーション,https://www.onecareer.jp/companies/business_categories/1?page=8
NO IMAGE,https://www.onecareer.jp/companies/business_categories/1?page=8
日本公認会計士協会,https://www.onecareer.jp/companies/business_categories/1?page=8
NO IMAGE,https://www.onecareer.jp/companies/business_categories/1?page=9
AGS税理士法人,https://www.onecareer.jp/companies/business_categories/1?page=9
NO IMAGE,https://www.onecareer.jp/companies/business_categories/1?page=9
PwC Japan合同会社,https://www.onecareer.jp/companies/business_categories/1?page=9
NO IMAGE,https://www.onecareer.jp/companies/business_categories/1?page=9
（旧）みずほ総合研究所,https://www.onecareer.jp/companies/business_categories/1?page=9
プロレド・パートナーズ,https://www.onecareer.jp/companies/business_categories/1?page=9
NO IMAGE,https://www.onecareer.jp/companies/business_categories/1?page=9
伊藤忠ファッションシステム,https://www.onecareer.jp/companies/business_categories/1?page=9
NO IMAGE,https://www.onecareer.jp/companies/business_categories/1?page=9
ガートナー ジャパン,https://www.onecareer.jp/companies/business_categories/1?page=9
NO IMAGE,https://www.onecareer.jp/companies/business_categories/1?page=9
EY Japan,https://www.onecareer.jp/companies/business_categories/1?page=9
パーソル総合研究所,https://www.onecareer.jp/companies/business_categories/1?page=9
デロイト トーマツ テレワークセンター,https://www.onecareer.jp/companies/business_categories/1?page=9
NO IMAGE,https://www.onecareer.jp/companies/business_categories/1?page=9
渥美坂井法律事務所,https://www.onecareer.jp/companies/business_categories/1?page=9
ヴィス,https://www.onecareer.jp/companies/business_categories/1?page=9
NO IMAGE,https://www.onecareer.jp/companies/business_categories/1?page=9
小田急フィナンシャルセンター,https://www.onecareer.jp/companies/business_categories/1?page=9
エックス都市研究所,https://www.onecareer.jp/companies/business_categories/1?page=9
QO（旧：H.M.マーケティングリサーチ）,https://www.onecareer.jp/companies/business_categories/1?page=9
NO IMAGE,https://www.onecareer.jp/companies/business_categories/1?page=9
コングレ,https://www.onecareer.jp/companies/business_categories/1?page=9
弁護士法人 大江橋法律事務所,https://www.onecareer.jp/companies/business_categories/1?page=9
NO IMAGE,https://www.onecareer.jp/companies/business_categories/1?page=9
トータルメディア開発研究所,https://www.onecareer.jp/companies/business_categories/1?page=9
NO IMAGE,https://www.onecareer.jp/companies/business_categories/1?page=9
伊藤忠フィナンシャルマネジメント,https://www.onecareer.jp/companies/business_categories/1?page=9
アクシスコンサルティング,https://www.onecareer.jp/companies/business_categories/1?page=9
クラウドワークスコンサルティング,https://www.onecareer.jp/companies/business_categories/1?page=9
ユーエス計画研究所,https://www.onecareer.jp/companies/business_categories/1?page=9
NO IMAGE,https://www.onecareer.jp/companies/business_categories/1?page=9
有限責任監査法人トーマツ,https://www.onecareer.jp/companies/business_categories/1?page=9
NO IMAGE,https://www.onecareer.jp/companies/business_categories/1?page=9
サイバーエージェントDX,https://www.onecareer.jp/companies/business_categories/1?page=9
indi,https://www.onecareer.jp/companies/business_categories/1?page=9
ALL DIFFERENT（旧：ラーニングエージェンシー）,https://www.onecareer.jp/companies/business_categories/1?page=9
NO IMAGE,https://www.onecareer.jp/companies/business_categories/1?page=10
バイウィル（旧：フォワード）,https://www.onecareer.jp/companies/business_categories/1?page=10
レコフ,https://www.onecareer.jp/companies/business_categories/1?page=10
NO IMAGE,https://www.onecareer.jp/companies/business_categories/1?page=10
タナベコンサルティンググループ,https://www.onecareer.jp/companies/business_categories/1?page=10
MS&Consulting,https://www.onecareer.jp/companies/business_categories/1?page=10
ボーダレス・ジャパン,https://www.onecareer.jp/companies/business_categories/1?page=10
NO IMAGE,https://www.onecareer.jp/companies/business_categories/1?page=10
税理士法人タクト・コンサルティング,https://www.onecareer.jp/companies/business_categories/1?page=10
武蔵野（コンサル・シンクタンク）,https://www.onecareer.jp/companies/business_categories/1?page=10
NO IMAGE,https://www.onecareer.jp/companies/business_categories/1?page=10
Arinos,https://www.onecareer.jp/companies/business_categories/1?page=10
ONE（オーエヌイー）,https://www.onecareer.jp/companies/business_categories/1?page=10
Roseau Pensant (ロゾパンサン),https://www.onecareer.jp/companies/business_categories/1?page=10
アローリンク,https://www.onecareer.jp/companies/business_categories/1?page=10
エッグフォワード,https://www.onecareer.jp/companies/business_categories/1?page=10
Relic,https://www.onecareer.jp/companies/business_categories/1?page=10
NO IMAGE,https://www.onecareer.jp/companies/business_categories/1?page=10
東陽監査法人,https://www.onecareer.jp/companies/business_categories/1?page=10
NO IMAGE,https://www.onecareer.jp/companies/business_categories/1?page=10
太陽有限責任監査法人,https://www.onecareer.jp/companies/business_categories/1?page=10
セルム,https://www.onecareer.jp/companies/business_categories/1?page=10
NO IMAGE,https://www.onecareer.jp/companies/business_categories/1?page=10
KPMGヘルスケアジャパン,https://www.onecareer.jp/companies/business_categories/1?page=10
アドバイザーナビ,https://www.onecareer.jp/companies/business_categories/1?page=10
トリプルグッドグループ,https://www.onecareer.jp/companies/business_categories/1?page=10
白潟総合研究所,https://www.onecareer.jp/companies/business_categories/1?page=10
NO IMAGE,https://www.onecareer.jp/companies/business_categories/1?page=10
ゼロアンリミテッド,https://www.onecareer.jp/companies/business_categories/1?page=10
昭和システムエンジニアリング,https://www.onecareer.jp/companies/business_categories/1?page=10
神谷製作所,https://www.onecareer.jp/companies/business_categories/1?page=10
NO IMAGE,https://www.onecareer.jp/companies/business_categories/1?page=10
コアコンセプト・テクノロジー,https://www.onecareer.jp/companies/business_categories/1?page=10
NO IMAGE,https://www.onecareer.jp/companies/business_categories/1?page=10
IDEO Tokyo,https://www.onecareer.jp/companies/business_categories/1?page=10
シーユーシー【エムスリーグループ】,https://www.onecareer.jp/companies/business_categories/1?page=11
NO IMAGE,https://www.onecareer.jp/companies/business_categories/1?page=11
東宝ハウスホールディングス,https://www.onecareer.jp/companies/business_categories/1?page=11
NO IMAGE,https://www.onecareer.jp/companies/business_categories/1?page=11
プルータス・コンサルティング,https://www.onecareer.jp/companies/business_categories/1?page=11
電通マクロミルインサイト,https://www.onecareer.jp/companies/business_categories/1?page=11
NO IMAGE,https://www.onecareer.jp/companies/business_categories/1?page=11
さかうえ,https://www.onecareer.jp/companies/business_categories/1?page=11
さいとう税理士法人グループ,https://www.onecareer.jp/companies/business_categories/1?page=11
NO IMAGE,https://www.onecareer.jp/companies/business_categories/1?page=11
税理士法人サンク・アンド・アソシエイツ,https://www.onecareer.jp/companies/business_categories/1?page=11
NO IMAGE,https://www.onecareer.jp/companies/business_categories/1?page=11
リグア,https://www.onecareer.jp/companies/business_categories/1?page=11
NO IMAGE,https://www.onecareer.jp/companies/business_categories/1?page=11
三菱地所パークス,https://www.onecareer.jp/companies/business_categories/1?page=11
NO IMAGE,https://www.onecareer.jp/companies/business_categories/1?page=11
いえらぶマーケティング,https://www.onecareer.jp/companies/business_categories/1?page=11
NO IMAGE,https://www.onecareer.jp/companies/business_categories/1?page=11
ＢＭＬフード・サイエンス,https://www.onecareer.jp/companies/business_categories/1?page=11
リログループ,https://www.onecareer.jp/companies/business_categories/1?page=11
NO IMAGE,https://www.onecareer.jp/companies/business_categories/1?page=11
三洋テクノマリン,https://www.onecareer.jp/companies/business_categories/1?page=11
NO IMAGE,https://www.onecareer.jp/companies/business_categories/1?page=11
エム・アール・アイ リサーチアソシエイツ,https://www.onecareer.jp/companies/business_categories/1?page=11
NO IMAGE,https://www.onecareer.jp/companies/business_categories/1?page=11
ニュージェック,https://www.onecareer.jp/companies/business_categories/1?page=11
AlphaSights,https://www.onecareer.jp/companies/business_categories/1?page=11
ザメディアジョン,https://www.onecareer.jp/companies/business_categories/1?page=11
日本ビジネスアート,https://www.onecareer.jp/companies/business_categories/1?page=11
NO IMAGE,https://www.onecareer.jp/companies/business_categories/1?page=11
一般財団法人計量計画研究所,https://www.onecareer.jp/companies/business_categories/1?page=11
NO IMAGE,https://www.onecareer.jp/companies/business_categories/1?page=11
東電設計,https://www.onecareer.jp/companies/business_categories/1?page=11
税理士法人ゆびすい,https://www.onecareer.jp/companies/business_categories/1?page=11
NO IMAGE,https://www.onecareer.jp/companies/business_categories/1?page=11
阪神高速技研,https://www.onecareer.jp/companies/business_categories/1?page=11
NO IMAGE,https://www.onecareer.jp/companies/business_categories/1?page=11
（旧）第一三共ＲＤノバーレ,https://www.onecareer.jp/companies/business_categories/1?page=11
中外テクノス,https://www.onecareer.jp/companies/business_categories/1?page=11
NO IMAGE,https://www.onecareer.jp/companies/business_categories/1?page=11
西日本技術開発,https://www.onecareer.jp/companies/business_categories/1?page=11
NO IMAGE,https://www.onecareer.jp/companies/business_categories/1?page=12
気象工学研究所,https://www.onecareer.jp/companies/business_categories/1?page=12
NO IMAGE,https://www.onecareer.jp/companies/business_categories/1?page=12
中日本ハイウェイ・エンジニアリング東京,https://www.onecareer.jp/companies/business_categories/1?page=12
NO IMAGE,https://www.onecareer.jp/companies/business_categories/1?page=12
名南経営コンサルティング,https://www.onecareer.jp/companies/business_categories/1?page=12
NO IMAGE,https://www.onecareer.jp/companies/business_categories/1?page=12
舘下コンサルタンツ,https://www.onecareer.jp/companies/business_categories/1?page=12
NO IMAGE,https://www.onecareer.jp/companies/business_categories/1?page=12
アズテックコンサルタンツ,https://www.onecareer.jp/companies/business_categories/1?page=12
NO IMAGE,https://www.onecareer.jp/companies/business_categories/1?page=12
新晃総合コンサルタント,https://www.onecareer.jp/companies/business_categories/1?page=12
NO IMAGE,https://www.onecareer.jp/companies/business_categories/1?page=12
太平洋総合コンサルタント,https://www.onecareer.jp/companies/business_categories/1?page=12
NO IMAGE,https://www.onecareer.jp/companies/business_categories/1?page=12
高崎総合コンサルタント,https://www.onecareer.jp/companies/business_categories/1?page=12
NO IMAGE,https://www.onecareer.jp/companies/business_categories/1?page=12
不二総合コンサルタント,https://www.onecareer.jp/companies/business_categories/1?page=12
NO IMAGE,https://www.onecareer.jp/companies/business_categories/1?page=12
総合コンサルタンツ,https://www.onecareer.jp/companies/business_categories/1?page=12
NO IMAGE,https://www.onecareer.jp/companies/business_categories/1?page=12
ゼロワン（コンサル・シンクタンク）,https://www.onecareer.jp/companies/business_categories/1?page=12
NO IMAGE,https://www.onecareer.jp/companies/business_categories/1?page=12
ジェクト（コンサル・シンクタンク）,https://www.onecareer.jp/companies/business_categories/1?page=12
NO IMAGE,https://www.onecareer.jp/companies/business_categories/1?page=12
社会保険労務士法人 西村社会保険労務士事務所,https://www.onecareer.jp/companies/business_categories/1?page=12
NO IMAGE,https://www.onecareer.jp/companies/business_categories/1?page=12
テントゥーワン税理士法人,https://www.onecareer.jp/companies/business_categories/1?page=12
いつも,https://www.onecareer.jp/companies/business_categories/1?page=12
NO IMAGE,https://www.onecareer.jp/companies/business_categories/1?page=12
牛島総合法律事務所,https://www.onecareer.jp/companies/business_categories/1?page=12
NO IMAGE,https://www.onecareer.jp/companies/business_categories/1?page=12
司法書士法人Ａ．Ｉ．グローバル,https://www.onecareer.jp/companies/business_categories/1?page=12
NO IMAGE,https://www.onecareer.jp/companies/business_categories/1?page=12
司法書士法人 トラスト,https://www.onecareer.jp/companies/business_categories/1?page=12
NO IMAGE,https://www.onecareer.jp/companies/business_categories/1?page=12
司法書士法人中央グループ,https://www.onecareer.jp/companies/business_categories/1?page=12
NO IMAGE,https://www.onecareer.jp/companies/business_categories/1?page=12
三井金属資源開発,https://www.onecareer.jp/companies/business_categories/1?page=12
NO IMAGE,https://www.onecareer.jp/companies/business_categories/1?page=12
山本特許法律事務所,https://www.onecareer.jp/companies/business_categories/1?page=12
NO IMAGE,https://www.onecareer.jp/companies/business_categories/1?page=12
ノムラシステムコーポレーション,https://www.onecareer.jp/companies/business_categories/1?page=12
船井総研デジタル,https://www.onecareer.jp/companies/business_categories/1?page=12
NO IMAGE,https://www.onecareer.jp/companies/business_categories/1?page=12
税理士法人 渡邊リーゼンバーグ,https://www.onecareer.jp/companies/business_categories/1?page=12
NO IMAGE,https://www.onecareer.jp/companies/business_categories/1?page=12
税理士法人 第一経理,https://www.onecareer.jp/companies/business_categories/1?page=12
NO IMAGE,https://www.onecareer.jp/companies/business_categories/1?page=13
税理士法人 みらい,https://www.onecareer.jp/companies/business_categories/1?page=13
NO IMAGE,https://www.onecareer.jp/companies/business_categories/1?page=13
税理士法人 川原経営,https://www.onecareer.jp/companies/business_categories/1?page=13
NO IMAGE,https://www.onecareer.jp/companies/business_categories/1?page=13
税理士法人 ＡＳＣ,https://www.onecareer.jp/companies/business_categories/1?page=13
NO IMAGE,https://www.onecareer.jp/companies/business_categories/1?page=13
税理士法人 原田税務会計事務所,https://www.onecareer.jp/companies/business_categories/1?page=13
NO IMAGE,https://www.onecareer.jp/companies/business_categories/1?page=13
税理士法人 総合経営サービス,https://www.onecareer.jp/companies/business_categories/1?page=13
NO IMAGE,https://www.onecareer.jp/companies/business_categories/1?page=13
税理士法人 エム・エム・アイ,https://www.onecareer.jp/companies/business_categories/1?page=13
NO IMAGE,https://www.onecareer.jp/companies/business_categories/1?page=13
税理士法人 大石会計事務所,https://www.onecareer.jp/companies/business_categories/1?page=13
NO IMAGE,https://www.onecareer.jp/companies/business_categories/1?page=13
協振技建,https://www.onecareer.jp/companies/business_categories/1?page=13
NO IMAGE,https://www.onecareer.jp/companies/business_categories/1?page=13
中部経営・辻・本郷 税理士法人,https://www.onecareer.jp/companies/business_categories/1?page=13
NO IMAGE,https://www.onecareer.jp/companies/business_categories/1?page=13
地域総合計画研究所,https://www.onecareer.jp/companies/business_categories/1?page=13
NO IMAGE,https://www.onecareer.jp/companies/business_categories/1?page=13
東急設計コンサルタント,https://www.onecareer.jp/companies/business_categories/1?page=13
TDSE（旧：テクノスデータサイエンス・エンジニアリング）,https://www.onecareer.jp/companies/business_categories/1?page=13
ネオマーケティング,https://www.onecareer.jp/companies/business_categories/1?page=13
NO IMAGE,https://www.onecareer.jp/companies/business_categories/1?page=13
データホライゾン,https://www.onecareer.jp/companies/business_categories/1?page=13
NO IMAGE,https://www.onecareer.jp/companies/business_categories/1?page=13
ライトカフェ,https://www.onecareer.jp/companies/business_categories/1?page=13
NO IMAGE,https://www.onecareer.jp/companies/business_categories/1?page=13
ペアキャピタル,https://www.onecareer.jp/companies/business_categories/1?page=13
Grant,https://www.onecareer.jp/companies/business_categories/1?page=13
FPTコンサルティングジャパン,https://www.onecareer.jp/companies/business_categories/1?page=13
NO IMAGE,https://www.onecareer.jp/companies/business_categories/1?page=13
弁護士法人子浩法律事務所,https://www.onecareer.jp/companies/business_categories/1?page=13
NO IMAGE,https://www.onecareer.jp/companies/business_categories/1?page=13
ＳＯＭＰＯリスクマネジメント,https://www.onecareer.jp/companies/business_categories/1?page=13
セレブリックス,https://www.onecareer.jp/companies/business_categories/1?page=13
NO IMAGE,https://www.onecareer.jp/companies/business_categories/1?page=13
アイテック（コンサル・シンクタンク）,https://www.onecareer.jp/companies/business_categories/1?page=13
メック（コンサル・シンクタンク）,https://www.onecareer.jp/companies/business_categories/1?page=13
NO IMAGE,https://www.onecareer.jp/companies/business_categories/1?page=13
インダストリアルディシジョンズ,https://www.onecareer.jp/companies/business_categories/1?page=13
NO IMAGE,https://www.onecareer.jp/companies/business_categories/1?page=13
NODE,https://www.onecareer.jp/companies/business_categories/1?page=13
NO IMAGE,https://www.onecareer.jp/companies/business_categories/1?page=14
ブルーカレント・ジャパン,https://www.onecareer.jp/companies/business_categories/1?page=14
NO IMAGE,https://www.onecareer.jp/companies/business_categories/1?page=14
三井物産戦略研究所,https://www.onecareer.jp/companies/business_categories/1?page=14
NO IMAGE,https://www.onecareer.jp/companies/business_categories/1?page=14
りそな総合研究所,https://www.onecareer.jp/companies/business_categories/1?page=14
HBD,https://www.onecareer.jp/companies/business_categories/1?page=14
インフキュリオン,https://www.onecareer.jp/companies/business_categories/1?page=14
スーパーホテル,https://www.onecareer.jp/companies/business_categories/1?page=14
NO IMAGE,https://www.onecareer.jp/companies/business_categories/1?page=14
シイエム・シイ,https://www.onecareer.jp/companies/business_categories/1?page=14
すららネット,https://www.onecareer.jp/companies/business_categories/1?page=14
NO IMAGE,https://www.onecareer.jp/companies/business_categories/1?page=14
住化分析センター,https://www.onecareer.jp/companies/business_categories/1?page=14
東京コンサルティングファーム,https://www.onecareer.jp/companies/business_categories/1?page=14
C3（シーキューブ）飲食店経営・飲食コンサル・不動産賃貸売買事業,https://www.onecareer.jp/companies/business_categories/1?page=14
エスプールグループ,https://www.onecareer.jp/companies/business_categories/1?page=14
アチーブメントHRソリューションズ,https://www.onecareer.jp/companies/business_categories/1?page=14
NO IMAGE,https://www.onecareer.jp/companies/business_categories/1?page=14
クレスコ・イー・ソリューション,https://www.onecareer.jp/companies/business_categories/1?page=14
NO IMAGE,https://www.onecareer.jp/companies/business_categories/1?page=14
ニュートン・コンサルティング,https://www.onecareer.jp/companies/business_categories/1?page=14
NO IMAGE,https://www.onecareer.jp/companies/business_categories/1?page=14
ベンチュリーコンサルティング,https://www.onecareer.jp/companies/business_categories/1?page=14
NO IMAGE,https://www.onecareer.jp/companies/business_categories/1?page=14
ウェルス・コンサルティング,https://www.onecareer.jp/companies/business_categories/1?page=14
NO IMAGE,https://www.onecareer.jp/companies/business_categories/1?page=14
アローコンサルタント,https://www.onecareer.jp/companies/business_categories/1?page=14
NO IMAGE,https://www.onecareer.jp/companies/business_categories/1?page=14
I&Jデジタルイノベーション（旧：JTB情報システム）,https://www.onecareer.jp/companies/business_categories/1?page=14
日本経営システム,https://www.onecareer.jp/companies/business_categories/1?page=14
識学,https://www.onecareer.jp/companies/business_categories/1?page=14
NO IMAGE,https://www.onecareer.jp/companies/business_categories/1?page=14
東ソー分析センター,https://www.onecareer.jp/companies/business_categories/1?page=14
NO IMAGE,https://www.onecareer.jp/companies/business_categories/1?page=14
LIB,https://www.onecareer.jp/companies/business_categories/1?page=14
NO IMAGE,https://www.onecareer.jp/companies/business_categories/1?page=14
バディデータ,https://www.onecareer.jp/companies/business_categories/1?page=14
NO IMAGE,https://www.onecareer.jp/companies/business_categories/1?page=14
EPIC PARTNERS,https://www.onecareer.jp/companies/business_categories/1?page=14
NO IMAGE,https://www.onecareer.jp/companies/business_categories/1?page=15
ココエ,https://www.onecareer.jp/companies/business_categories/1?page=15
NO IMAGE,https://www.onecareer.jp/companies/business_categories/1?page=15
エイチツリー,https://www.onecareer.jp/companies/business_categories/1?page=15
ロングブラックパートナーズ,https://www.onecareer.jp/companies/business_categories/1?page=15
GienTech Consulting Japan,https://www.onecareer.jp/companies/business_categories/1?page=15
NO IMAGE,https://www.onecareer.jp/companies/business_categories/1?page=15
コムウェア,https://www.onecareer.jp/companies/business_categories/1?page=15
MOVER&COMPANY,https://www.onecareer.jp/companies/business_categories/1?page=15
ウィル・シード,https://www.onecareer.jp/companies/business_categories/1?page=15
NO IMAGE,https://www.onecareer.jp/companies/business_categories/1?page=15
税理士法人イデアコンサルティング,https://www.onecareer.jp/companies/business_categories/1?page=15
NO IMAGE,https://www.onecareer.jp/companies/business_categories/1?page=15
ピー・アンド・イー・ディレクションズ,https://www.onecareer.jp/companies/business_categories/1?page=15
NO IMAGE,https://www.onecareer.jp/companies/business_categories/1?page=15
税理士法人 成迫会計事務所,https://www.onecareer.jp/companies/business_categories/1?page=15
NO IMAGE,https://www.onecareer.jp/companies/business_categories/1?page=15
アディッシュ,https://www.onecareer.jp/companies/business_categories/1?page=15
NO IMAGE,https://www.onecareer.jp/companies/business_categories/1?page=15
アウナラ,https://www.onecareer.jp/companies/business_categories/1?page=15
NO IMAGE,https://www.onecareer.jp/companies/business_categories/1?page=15
Integrity,https://www.onecareer.jp/companies/business_categories/1?page=15
NO IMAGE,https://www.onecareer.jp/companies/business_categories/1?page=15
クオンツ総研ホールディングス,https://www.onecareer.jp/companies/business_categories/1?page=15
NO IMAGE,https://www.onecareer.jp/companies/business_categories/1?page=15
クレアブ,https://www.onecareer.jp/companies/business_categories/1?page=15
NO IMAGE,https://www.onecareer.jp/companies/business_categories/1?page=15
北陸コンピュータ・サービス,https://www.onecareer.jp/companies/business_categories/1?page=15
キミコン,https://www.onecareer.jp/companies/business_categories/1?page=15
NO IMAGE,https://www.onecareer.jp/companies/business_categories/1?page=15
PPR,https://www.onecareer.jp/companies/business_categories/1?page=15
NIコンサルティング,https://www.onecareer.jp/companies/business_categories/1?page=15
シティユーワ法律事務所,https://www.onecareer.jp/companies/business_categories/1?page=15
NO IMAGE,https://www.onecareer.jp/companies/business_categories/1?page=15
野村フィデューシャリー・リサーチ＆コンサルティング,https://www.onecareer.jp/companies/business_categories/1?page=15
コーチ・エィ,https://www.onecareer.jp/companies/business_categories/1?page=15
NO IMAGE,https://www.onecareer.jp/companies/business_categories/1?page=15
ビヨンド,https://www.onecareer.jp/companies/business_categories/1?page=15
NO IMAGE,https://www.onecareer.jp/companies/business_categories/1?page=15
ブーズアレンハミルトン,https://www.onecareer.jp/companies/business_categories/1?page=15
NO IMAGE,https://www.onecareer.jp/companies/business_categories/1?page=15
g-wic,https://www.onecareer.jp/companies/business_categories/1?page=15
フリーコンサル,https://freeconsul.co.jp/cs/consultingfirm/
フリーコンサル,https://freeconsul.co.jp/cs/consultingfirm/
コンサルタント転職,https://freeconsul.co.jp/cs/consultingfirm/
コンサルタント転職,https://freeconsul.co.jp/cs/consultingfirm/
コンサルティング会社,https://freeconsul.co.jp/cs/consultingfirm/
コンサルティング会社,https://freeconsul.co.jp/cs/consultingfirm/
フリーコンサル,https://freeconsul.co.jp/cs/consultingfirm/
フリーコンサル,https://freeconsul.co.jp/cs/consultingfirm/
コンサルタント転職,https://freeconsul.co.jp/cs/consultingfirm/
コンサルタント転職,https://freeconsul.co.jp/cs/consultingfirm/
コンサルティング会社,https://freeconsul.co.jp/cs/consultingfirm/
コンサルティング会社,https://freeconsul.co.jp/cs/consultingfirm/
フリーコンサル,https://freeconsul.co.jp/cs/consultingfirm/
フリーコンサル,https://freeconsul.co.jp/cs/consultingfirm/
コンサルタント転職,https://freeconsul.co.jp/cs/consultingfirm/
コンサルタント転職,https://freeconsul.co.jp/cs/consultingfirm/
コンサルティング会社,https://freeconsul.co.jp/cs/consultingfirm/
コンサルティング会社,https://freeconsul.co.jp/cs/consultingfirm/
コンサルティング会社,https://freeconsul.co.jp/cs/consultingfirm/
コンサルティング会社,https://freeconsul.co.jp/cs/consultingfirm/
コンサルティング会社,https://freeconsul.co.jp/cs/consultingfirm/
アクシスコンサルティング,https://freeconsul.co.jp/cs/consultingfirm/
コンサルタント業界におすすめ転職エージェント,https://freeconsul.co.jp/cs/consultingfirm/
ボストン・コンサルティング・グループ合同会社,https://freeconsul.co.jp/cs/consultingfirm/
合同会社デロイトトーマツ（旧：デロイトトーマツコンサルティング合同会社）,https://freeconsul.co.jp/cs/consultingfirm/
PwCコンサルティング合同会社,https://freeconsul.co.jp/cs/consultingfirm/
KPMGコンサルティング株式会社,https://freeconsul.co.jp/cs/consultingfirm/
アビームコンサルティング株式会社,https://freeconsul.co.jp/cs/consultingfirm/
フォーティエンスコンサルティング株式会社（旧：クニエ）,https://freeconsul.co.jp/cs/consultingfirm/
株式会社日立コンサルティング,https://freeconsul.co.jp/cs/consultingfirm/
株式会社ベイカレント（旧：株式会社ベイカレント・コンサルティング）,https://freeconsul.co.jp/cs/consultingfirm/
株式会社野村総合研究所,https://freeconsul.co.jp/cs/consultingfirm/
株式会社エヌ・ティ・ティ・データ経営研究所,https://freeconsul.co.jp/cs/consultingfirm/
株式会社三菱総合研究所,https://freeconsul.co.jp/cs/consultingfirm/
株式会社日本総合研究所,https://freeconsul.co.jp/cs/consultingfirm/
三菱UFJリサーチ&コンサルティング株式会社,https://freeconsul.co.jp/cs/consultingfirm/
みずほリサーチ&テクノロジーズ株式会社,https://freeconsul.co.jp/cs/consultingfirm/
EYストラテジー・アンド・コンサルティング株式会社,https://freeconsul.co.jp/cs/consultingfirm/
G-FAS株式会社,https://freeconsul.co.jp/cs/consultingfirm/
PwCアドバイザリー合同会社,https://freeconsul.co.jp/cs/consultingfirm/
株式会社KPMG FAS,https://freeconsul.co.jp/cs/consultingfirm/
山田コンサルティンググループ株式会社,https://freeconsul.co.jp/cs/consultingfirm/
アリックスパートナーズ,https://freeconsul.co.jp/cs/consultingfirm/
株式会社グローバルヘルスコンサルティング・ジャパン,https://freeconsul.co.jp/cs/consultingfirm/
船井総合研究所,https://freeconsul.co.jp/cs/consultingfirm/
株式会社タナベコンサルティング,https://freeconsul.co.jp/cs/consultingfirm/
株式会社博報堂コンサルティング,https://freeconsul.co.jp/cs/consultingfirm/
ボストン コンサルティング グループ（BCG）,https://freeconsul.co.jp/cs/consultingfirm/
ボストン・コンサルティング・グループ合同会社,https://freeconsul.co.jp/cs/consultingfirm/
ボストン・コンサルティング・グループ合同会社,https://freeconsul.co.jp/cs/consultingfirm/
世界最高峰の戦略系コンサルティングファーム,https://freeconsul.co.jp/cs/consultingfirm/
ボストン・コンサルティング・グループ合同会社,https://freeconsul.co.jp/cs/consultingfirm/
ボストン・コンサルティング・グループ合同会社,https://freeconsul.co.jp/cs/consultingfirm/
戦略コンサルティングのパイオニア的な立ち位置,https://freeconsul.co.jp/cs/consultingfirm/
ボストン・コンサルティング・グループ合同会社,https://freeconsul.co.jp/cs/consultingfirm/
openwork「ボストン・コンサルティング・グループ合同会社（BCG）の年収・給与制度」,https://freeconsul.co.jp/cs/consultingfirm/
ベイン・アンド・カンパニー,https://freeconsul.co.jp/cs/consultingfirm/
米国シカゴで設立された世界有数の戦略系コンサル会社,https://freeconsul.co.jp/cs/consultingfirm/
「ビジネスプロデュース」を掲げ、コンサルと投資を融合,https://freeconsul.co.jp/cs/consultingfirm/
PwCネットワークの「戦略コンサルティング」を担う専門家集団,https://freeconsul.co.jp/cs/consultingfirm/
コンサルBIG4・4大コンサル会社,https://freeconsul.co.jp/cs/consultingfirm/
合同会社デロイトトーマツ（旧：デロイトトーマツコンサルティング合同会社）,https://freeconsul.co.jp/cs/consultingfirm/
合同会社デロイトトーマツ（旧：デロイトトーマツコンサルティング合同会社）,https://freeconsul.co.jp/cs/consultingfirm/
PwCコンサルティング合同会社,https://freeconsul.co.jp/cs/consultingfirm/
PwCコンサルティング合同会社,https://freeconsul.co.jp/cs/consultingfirm/
KPMGコンサルティング株式会社,https://freeconsul.co.jp/cs/consultingfirm/
KPMGコンサルティング株式会社,https://freeconsul.co.jp/cs/consultingfirm/
合同会社デロイトトーマツ（旧：デロイトトーマツコンサルティング合同会社）,https://freeconsul.co.jp/cs/consultingfirm/
合同会社デロイトトーマツ（旧：デロイトトーマツコンサルティング合同会社）,https://freeconsul.co.jp/cs/consultingfirm/
BIG4の一角を占める総合コンサルティングファーム,https://freeconsul.co.jp/cs/consultingfirm/
監査・保証業務、リスクアドバイザリー、コンサルティング、税務、法務など幅広いサービス提供,https://freeconsul.co.jp/cs/consultingfirm/
openwork「デロイトトーマツコンサルティング合同会社の年収・給与制度」,https://freeconsul.co.jp/cs/consultingfirm/
PwCコンサルティング合同会社,https://freeconsul.co.jp/cs/consultingfirm/
PwCコンサルティング合同会社,https://freeconsul.co.jp/cs/consultingfirm/
監査およびコンサルティング、ディールアドバイザリー、税務、法務のサービス提供,https://freeconsul.co.jp/cs/consultingfirm/
PwCコンサルティング合同会社,https://freeconsul.co.jp/cs/consultingfirm/
openwork「PwCコンサルティング合同会社の年収・給与制度」,https://freeconsul.co.jp/cs/consultingfirm/
KPMGコンサルティング株式会社,https://freeconsul.co.jp/cs/consultingfirm/
KPMGコンサルティング株式会社,https://freeconsul.co.jp/cs/consultingfirm/
監査、税務、アドバイザリーの3つの分野にわたるサービス提供,https://freeconsul.co.jp/cs/consultingfirm/
KPMGコンサルティング株式会社,https://freeconsul.co.jp/cs/consultingfirm/
openwork「KPMGコンサルティング株式会社の年収・給与制度」,https://freeconsul.co.jp/cs/consultingfirm/
アシュアランス、コンサルティング、法務、ストラテジー、など幅広いサービスを提供,https://freeconsul.co.jp/cs/consultingfirm/
総合コンサル,https://freeconsul.co.jp/cs/consultingfirm/
アビームコンサルティング株式会社,https://freeconsul.co.jp/cs/consultingfirm/
アビームコンサルティング株式会社,https://freeconsul.co.jp/cs/consultingfirm/
フォーティエンスコンサルティング株式会社（旧：クニエ）,https://freeconsul.co.jp/cs/consultingfirm/
フォーティエンスコンサルティング株式会社（旧：クニエ）,https://freeconsul.co.jp/cs/consultingfirm/
株式会社日立コンサルティング,https://freeconsul.co.jp/cs/consultingfirm/
株式会社日立コンサルティング,https://freeconsul.co.jp/cs/consultingfirm/
株式会社ベイカレント（旧：株式会社ベイカレント・コンサルティング）,https://freeconsul.co.jp/cs/consultingfirm/
株式会社ベイカレント（旧：株式会社ベイカレント・コンサルティング）,https://freeconsul.co.jp/cs/consultingfirm/
アビームコンサルティング株式会社,https://freeconsul.co.jp/cs/consultingfirm/
アビームコンサルティング株式会社,https://freeconsul.co.jp/cs/consultingfirm/
アビームコンサルティング株式会社,https://freeconsul.co.jp/cs/consultingfirm/
openwork「アビームコンサルティング株式会社の年収・給与制度」,https://freeconsul.co.jp/cs/consultingfirm/
フォーティエンスコンサルティング株式会社（旧：クニエ）,https://freeconsul.co.jp/cs/consultingfirm/
フォーティエンスコンサルティング株式会社（旧：クニエ）,https://freeconsul.co.jp/cs/consultingfirm/
NTTデータグループの一員として、高品質なビジネスコンサルティングサービスを提供,https://freeconsul.co.jp/cs/consultingfirm/
フォーティエンスコンサルティング株式会社,https://freeconsul.co.jp/cs/consultingfirm/
openwork「フォーティエンスコンサルティング株式会社（旧：クニエ）の年収・給与制度」,https://freeconsul.co.jp/cs/consultingfirm/
株式会社日立コンサルティング,https://freeconsul.co.jp/cs/consultingfirm/
株式会社日立コンサルティング,https://freeconsul.co.jp/cs/consultingfirm/
高度な技術力と豊富な業界知識を活かしたコンサルティングサービスを提供,https://freeconsul.co.jp/cs/consultingfirm/
株式会社日立コンサルティング,https://freeconsul.co.jp/cs/consultingfirm/
openwork「株式会社日立コンサルティングの年収・給与制度」,https://freeconsul.co.jp/cs/consultingfirm/
株式会社ベイカレント（旧：株式会社ベイカレント・コンサルティング）,https://freeconsul.co.jp/cs/consultingfirm/
株式会社ベイカレント（旧：株式会社ベイカレント・コンサルティング）,https://freeconsul.co.jp/cs/consultingfirm/
総合系コンサルティングファームとして、戦略立案から実行支援まで幅広いサービスを提供,https://freeconsul.co.jp/cs/consultingfirm/
株式会社野村総合研究所,https://freeconsul.co.jp/cs/consultingfirm/
株式会社野村総合研究所,https://freeconsul.co.jp/cs/consultingfirm/
株式会社エヌ・ティ・ティ・データ経営研究所,https://freeconsul.co.jp/cs/consultingfirm/
株式会社エヌ・ティ・ティ・データ経営研究所,https://freeconsul.co.jp/cs/consultingfirm/
株式会社三菱総合研究所,https://freeconsul.co.jp/cs/consultingfirm/
株式会社三菱総合研究所,https://freeconsul.co.jp/cs/consultingfirm/
株式会社日本総合研究所,https://freeconsul.co.jp/cs/consultingfirm/
株式会社日本総合研究所,https://freeconsul.co.jp/cs/consultingfirm/
三菱UFJリサーチ&コンサルティング株式会社,https://freeconsul.co.jp/cs/consultingfirm/
三菱UFJリサーチ&コンサルティング株式会社,https://freeconsul.co.jp/cs/consultingfirm/
みずほリサーチ&テクノロジーズ株式会社,https://freeconsul.co.jp/cs/consultingfirm/
みずほリサーチ&テクノロジーズ株式会社,https://freeconsul.co.jp/cs/consultingfirm/
株式会社野村総合研究所,https://freeconsul.co.jp/cs/consultingfirm/
株式会社野村総合研究所,https://freeconsul.co.jp/cs/consultingfirm/
野村證券株式会社調査部を発祥とする、日本最大規模のコンサルティングファーム,https://freeconsul.co.jp/cs/consultingfirm/
株式会社野村総合研究所,https://freeconsul.co.jp/cs/consultingfirm/
openwork「株式会社野村総合研究所の年収・給与制度」,https://freeconsul.co.jp/cs/consultingfirm/
株式会社エヌ・ティ・ティ・データ経営研究所,https://freeconsul.co.jp/cs/consultingfirm/
株式会社エヌ・ティ・ティ・データ経営研究所,https://freeconsul.co.jp/cs/consultingfirm/
株式会社エヌ・ティ・ティ・データ経営研究所,https://freeconsul.co.jp/cs/consultingfirm/
openwork「株式会社エヌ・ティ・ティ・データ経営研究所の年収・給与制度」,https://freeconsul.co.jp/cs/consultingfirm/
大和証券グループの一員として、コンサルティングサービスを提供,https://freeconsul.co.jp/cs/consultingfirm/
株式会社三菱総合研究所,https://freeconsul.co.jp/cs/consultingfirm/
株式会社三菱総合研究所,https://freeconsul.co.jp/cs/consultingfirm/
三菱グループの総合シンクタンク,https://freeconsul.co.jp/cs/consultingfirm/
株式会社三菱総合研究所,https://freeconsul.co.jp/cs/consultingfirm/
openwork「株式会社三菱総合研究所の年収・給与制度」,https://freeconsul.co.jp/cs/consultingfirm/
株式会社日本総合研究所,https://freeconsul.co.jp/cs/consultingfirm/
株式会社日本総合研究所,https://freeconsul.co.jp/cs/consultingfirm/
シンクタンク・コンサルティング・ITソリューションの3つの機能を有する,https://freeconsul.co.jp/cs/consultingfirm/
株式会社日本総合研究所,https://freeconsul.co.jp/cs/consultingfirm/
openwork「株式会社日本総合研究所の年収・給与制度」,https://freeconsul.co.jp/cs/consultingfirm/
三菱UFJリサーチ&コンサルティング株式会社,https://freeconsul.co.jp/cs/consultingfirm/
三菱UFJリサーチ&コンサルティング株式会社,https://freeconsul.co.jp/cs/consultingfirm/
MUFGグループの中核を担う総合シンクタンク兼コンサルティングファーム,https://freeconsul.co.jp/cs/consultingfirm/
「シンクタンク×コンサル」の融合により、政策提言から企業戦略までカバー,https://freeconsul.co.jp/cs/consultingfirm/
三菱UFJリサーチ&コンサルティング株式会社,https://freeconsul.co.jp/cs/consultingfirm/
openwork「三菱UFJリサーチ&コンサルティング株式会社の年収・給与制度」,https://freeconsul.co.jp/cs/consultingfirm/
みずほリサーチ&テクノロジーズ株式会社,https://freeconsul.co.jp/cs/consultingfirm/
みずほリサーチ&テクノロジーズ株式会社,https://freeconsul.co.jp/cs/consultingfirm/
「リサーチ」「コンサル」「IT」「技術開発」の4機能を統合,https://freeconsul.co.jp/cs/consultingfirm/
みずほリサーチ&テクノロジーズ株式会社,https://freeconsul.co.jp/cs/consultingfirm/
openwork「みずほリサーチ&テクノロジーズの年収・給与制度」,https://freeconsul.co.jp/cs/consultingfirm/
IT系コンサルティングファーム,https://freeconsul.co.jp/cs/consultingfirm/
「コンサルティング × テクノロジー」で変革をエンドツーエンド支援,https://freeconsul.co.jp/cs/consultingfirm/
EYストラテジー・アンド・コンサルティング株式会社,https://freeconsul.co.jp/cs/consultingfirm/
EYストラテジー・アンド・コンサルティング株式会社,https://freeconsul.co.jp/cs/consultingfirm/
G-FAS株式会社,https://freeconsul.co.jp/cs/consultingfirm/
G-FAS株式会社,https://freeconsul.co.jp/cs/consultingfirm/
PwCアドバイザリー合同会社,https://freeconsul.co.jp/cs/consultingfirm/
PwCアドバイザリー合同会社,https://freeconsul.co.jp/cs/consultingfirm/
株式会社KPMG FAS,https://freeconsul.co.jp/cs/consultingfirm/
株式会社KPMG FAS,https://freeconsul.co.jp/cs/consultingfirm/
EYストラテジー・アンド・コンサルティング株式会社,https://freeconsul.co.jp/cs/consultingfirm/
EYストラテジー・アンド・コンサルティング株式会社,https://freeconsul.co.jp/cs/consultingfirm/
イギリスに本拠を置く大手コンサルティング企業,https://freeconsul.co.jp/cs/consultingfirm/
経営コンサルと戦略的トランザクション支援を展開するEYグローバルのメンバーファーム,https://freeconsul.co.jp/cs/consultingfirm/
EYストラテジー・アンド・コンサルティング株式会社,https://freeconsul.co.jp/cs/consultingfirm/
openwork「EYストラテジー・アンド・コンサルティング株式会社の年収・給与制度」,https://freeconsul.co.jp/cs/consultingfirm/
G-FAS株式会社,https://freeconsul.co.jp/cs/consultingfirm/
G-FAS株式会社,https://freeconsul.co.jp/cs/consultingfirm/
M&Aフィナンシャルアドバイザリーや事業再生など、専門性の高いサービスを提供,https://freeconsul.co.jp/cs/consultingfirm/
G-FAS株式会社（旧GCA FAS株式会社）,https://freeconsul.co.jp/cs/consultingfirm/
産業再生機構出身のプロが集う、実践型コンサルティングファーム,https://freeconsul.co.jp/cs/consultingfirm/
経営コンサルティング、M&Aアドバイザリー、再生支援など幅広いサービス提供,https://freeconsul.co.jp/cs/consultingfirm/
PwCアドバイザリー合同会社,https://freeconsul.co.jp/cs/consultingfirm/
PwCアドバイザリー合同会社,https://freeconsul.co.jp/cs/consultingfirm/
M&A・再生・インフラに特化した「ディールアドバイザリー」のプロ集団,https://freeconsul.co.jp/cs/consultingfirm/
PwCアドバイザリー合同会社,https://freeconsul.co.jp/cs/consultingfirm/
openwork「PwCアドバイザリーの年収・給与制度」,https://freeconsul.co.jp/cs/consultingfirm/
株式会社KPMG FAS,https://freeconsul.co.jp/cs/consultingfirm/
株式会社KPMG FAS,https://freeconsul.co.jp/cs/consultingfirm/
株式会社KPMG FAS,https://freeconsul.co.jp/cs/consultingfirm/
openwork「KPMG FASの年収・給与制度」,https://freeconsul.co.jp/cs/consultingfirm/
組織人事系コンサルティングファーム,https://freeconsul.co.jp/cs/consultingfirm/
1943年にアメリカで設立されたコンサルティング会社,https://freeconsul.co.jp/cs/consultingfirm/
適切な人材の採用支援や、社員の処遇・育成・動機付けに関するコンサルテーションも提供,https://freeconsul.co.jp/cs/consultingfirm/
山田コンサルティンググループ株式会社,https://freeconsul.co.jp/cs/consultingfirm/
山田コンサルティンググループ株式会社,https://freeconsul.co.jp/cs/consultingfirm/
アリックスパートナーズ,https://freeconsul.co.jp/cs/consultingfirm/
アリックスパートナーズ,https://freeconsul.co.jp/cs/consultingfirm/
山田コンサルティンググループ株式会社,https://freeconsul.co.jp/cs/consultingfirm/
山田コンサルティンググループ株式会社,https://freeconsul.co.jp/cs/consultingfirm/
経営コンサルティング事業と投資事業を主軸に、総合的なビジネスサポートを提供,https://freeconsul.co.jp/cs/consultingfirm/
山田コンサルティンググループ株式会社,https://freeconsul.co.jp/cs/consultingfirm/
山田コンサルティンググループ「山田コンサルと他社の違い」,https://freeconsul.co.jp/cs/consultingfirm/
openwork「山田コンサルティンググループ株式会社の年収・給与制度」,https://freeconsul.co.jp/cs/consultingfirm/
アリックスパートナーズ,https://freeconsul.co.jp/cs/consultingfirm/
アリックスパートナーズ,https://freeconsul.co.jp/cs/consultingfirm/
アリックスパートナーズ,https://freeconsul.co.jp/cs/consultingfirm/
株式会社グローバルヘルスコンサルティング・ジャパン,https://freeconsul.co.jp/cs/consultingfirm/
株式会社グローバルヘルスコンサルティング・ジャパン,https://freeconsul.co.jp/cs/consultingfirm/
戦略コンサルティングファームの経験と医療現場の運営で培った現場力が強み,https://freeconsul.co.jp/cs/consultingfirm/
株式会社グローバルヘルスコンサルティング・ジャパン,https://freeconsul.co.jp/cs/consultingfirm/
株式会社グローバルヘルスコンサルティング・ジャパン,https://freeconsul.co.jp/cs/consultingfirm/
経験豊富なコンサルタントによる実行支援型のコンサルティングを提供,https://freeconsul.co.jp/cs/consultingfirm/
株式会社グローバルヘルスコンサルティング・ジャパン,https://freeconsul.co.jp/cs/consultingfirm/
株式会社グローバルヘルスコンサルティング・ジャパン「DPC病院向け経営コンサルティング」,https://freeconsul.co.jp/cs/consultingfirm/
3000を超える実績・事例 ※1 と豊富なノウハウによるコンサルティングが強み,https://freeconsul.co.jp/cs/consultingfirm/
グループ内には医療業界関連企業のほかリスクマネジメントコンサルなどを提供する企業も,https://freeconsul.co.jp/cs/consultingfirm/
船井総合研究所,https://freeconsul.co.jp/cs/consultingfirm/
船井総合研究所,https://freeconsul.co.jp/cs/consultingfirm/
株式会社タナベコンサルティング,https://freeconsul.co.jp/cs/consultingfirm/
株式会社タナベコンサルティング,https://freeconsul.co.jp/cs/consultingfirm/
船井総合研究所,https://freeconsul.co.jp/cs/consultingfirm/
船井総合研究所,https://freeconsul.co.jp/cs/consultingfirm/
業種・テーマ別専門コンサルタントが在籍,https://freeconsul.co.jp/cs/consultingfirm/
船井総合研究所,https://freeconsul.co.jp/cs/consultingfirm/
船井総合研究所「船井総合研究所が初めての方へ」,https://freeconsul.co.jp/cs/consultingfirm/
openwork「船井総合研究所の年収・給与制度」,https://freeconsul.co.jp/cs/consultingfirm/
日本初の独立系戦略コンサルティングファームとして創業,https://freeconsul.co.jp/cs/consultingfirm/
既成の解を押し付けない、自律したコンサルタント「職人集団」,https://freeconsul.co.jp/cs/consultingfirm/
株式会社タナベコンサルティング,https://freeconsul.co.jp/cs/consultingfirm/
株式会社タナベコンサルティング,https://freeconsul.co.jp/cs/consultingfirm/
創業68年、東証プライム上場の日本におけるコンサルティングのパイオニア,https://freeconsul.co.jp/cs/consultingfirm/
「チームコンサルティング」により、戦略から現場実装まで一気通貫,https://freeconsul.co.jp/cs/consultingfirm/
株式会社タナベコンサルティング,https://freeconsul.co.jp/cs/consultingfirm/
openwork「タナベコンサルティングの年収・給与制度」,https://freeconsul.co.jp/cs/consultingfirm/
株式会社博報堂コンサルティング,https://freeconsul.co.jp/cs/consultingfirm/
株式会社博報堂コンサルティング,https://freeconsul.co.jp/cs/consultingfirm/
株式会社博報堂コンサルティング,https://freeconsul.co.jp/cs/consultingfirm/
株式会社博報堂コンサルティング,https://freeconsul.co.jp/cs/consultingfirm/
「論理」と「感性」を融合させた独自のブランドコンサルティング,https://freeconsul.co.jp/cs/consultingfirm/
株式会社博報堂コンサルティング,https://freeconsul.co.jp/cs/consultingfirm/
openwork「博報堂コンサルティングの年収・給与制度」,https://freeconsul.co.jp/cs/consultingfirm/
コンサルティングファームの種類,https://freeconsul.co.jp/cs/consultingfirm/
戦略系コンサルティングファーム,https://freeconsul.co.jp/cs/consultingfirm/
戦略系コンサルティングファーム,https://freeconsul.co.jp/cs/consultingfirm/
総合系コンサルティングファーム,https://freeconsul.co.jp/cs/consultingfirm/
総合系コンサルティングファーム,https://freeconsul.co.jp/cs/consultingfirm/
シンクタンク系コンサルティングファーム,https://freeconsul.co.jp/cs/consultingfirm/
シンクタンク系コンサルティングファーム,https://freeconsul.co.jp/cs/consultingfirm/
IT系コンサルティングファーム,https://freeconsul.co.jp/cs/consultingfirm/
IT系コンサルティングファーム,https://freeconsul.co.jp/cs/consultingfirm/
財務系コンサルティングファーム（FAS）,https://freeconsul.co.jp/cs/consultingfirm/
財務系コンサルティングファーム（FAS）,https://freeconsul.co.jp/cs/consultingfirm/
組織人事系コンサルティングファーム,https://freeconsul.co.jp/cs/consultingfirm/
組織人事系コンサルティングファーム,https://freeconsul.co.jp/cs/consultingfirm/
事業再生系コンサルティングファーム,https://freeconsul.co.jp/cs/consultingfirm/
事業再生系コンサルティングファーム,https://freeconsul.co.jp/cs/consultingfirm/
医療系コンサルティングファーム,https://freeconsul.co.jp/cs/consultingfirm/
医療系コンサルティングファーム,https://freeconsul.co.jp/cs/consultingfirm/
国内独立系コンサルティングファーム,https://freeconsul.co.jp/cs/consultingfirm/
国内独立系コンサルティングファーム,https://freeconsul.co.jp/cs/consultingfirm/
マーケティング系コンサルティングファーム,https://freeconsul.co.jp/cs/consultingfirm/
マーケティング系コンサルティングファーム,https://freeconsul.co.jp/cs/consultingfirm/
戦略系コンサルティングファーム,https://freeconsul.co.jp/cs/consultingfirm/
ボストン・コンサルティング・グループ合同会社,https://freeconsul.co.jp/cs/consultingfirm/
ボストン・コンサルティング・グループ合同会社,https://freeconsul.co.jp/cs/consultingfirm/
総合系コンサルティングファーム,https://freeconsul.co.jp/cs/consultingfirm/
アビームコンサルティング株式会社,https://freeconsul.co.jp/cs/consultingfirm/
アビームコンサルティング株式会社,https://freeconsul.co.jp/cs/consultingfirm/
フォーティエンスコンサルティング株式会社（旧：クニエ）,https://freeconsul.co.jp/cs/consultingfirm/
フォーティエンスコンサルティング株式会社（旧：クニエ）,https://freeconsul.co.jp/cs/consultingfirm/
株式会社日立コンサルティング など,https://freeconsul.co.jp/cs/consultingfirm/
株式会社日立コンサルティング,https://freeconsul.co.jp/cs/consultingfirm/
シンクタンク系コンサルティングファーム,https://freeconsul.co.jp/cs/consultingfirm/
株式会社野村総合研究所,https://freeconsul.co.jp/cs/consultingfirm/
株式会社野村総合研究所,https://freeconsul.co.jp/cs/consultingfirm/
株式会社エヌ・ティ・ティ・データ経営研究所,https://freeconsul.co.jp/cs/consultingfirm/
株式会社エヌ・ティ・ティ・データ経営研究所,https://freeconsul.co.jp/cs/consultingfirm/
IT系コンサルティングファーム,https://freeconsul.co.jp/cs/consultingfirm/
財務系コンサルティングファーム（FAS）,https://freeconsul.co.jp/cs/consultingfirm/
M&Aコンサル/アドバイザリー,https://freeconsul.co.jp/cs/consultingfirm/
EYストラテジー・アンド・コンサルティング株式会社,https://freeconsul.co.jp/cs/consultingfirm/
EYストラテジー・アンド・コンサルティング株式会社,https://freeconsul.co.jp/cs/consultingfirm/
G-FAS株式会社,https://freeconsul.co.jp/cs/consultingfirm/
G-FAS株式会社,https://freeconsul.co.jp/cs/consultingfirm/
組織人事系コンサルティングファーム,https://freeconsul.co.jp/cs/consultingfirm/
事業再生系コンサルティングファーム,https://freeconsul.co.jp/cs/consultingfirm/
山田コンサルティンググループ株式会社,https://freeconsul.co.jp/cs/consultingfirm/
山田コンサルティンググループ株式会社,https://freeconsul.co.jp/cs/consultingfirm/
アリックスパートナーズ など,https://freeconsul.co.jp/cs/consultingfirm/
アリックスパートナーズ,https://freeconsul.co.jp/cs/consultingfirm/
医療系コンサルティングファーム,https://freeconsul.co.jp/cs/consultingfirm/
株式会社グローバルヘルスコンサルティング・ジャパン,https://freeconsul.co.jp/cs/consultingfirm/
株式会社グローバルヘルスコンサルティング・ジャパン,https://freeconsul.co.jp/cs/consultingfirm/
国内独立系コンサルティングファーム,https://freeconsul.co.jp/cs/consultingfirm/
船井総合研究所,https://freeconsul.co.jp/cs/consultingfirm/
船井総合研究所,https://freeconsul.co.jp/cs/consultingfirm/
株式会社タナベコンサルティング など,https://freeconsul.co.jp/cs/consultingfirm/
株式会社タナベコンサルティング,https://freeconsul.co.jp/cs/consultingfirm/
マーケティング系コンサルティングファーム,https://freeconsul.co.jp/cs/consultingfirm/
株式会社博報堂コンサルティング,https://freeconsul.co.jp/cs/consultingfirm/
株式会社博報堂コンサルティング,https://freeconsul.co.jp/cs/consultingfirm/
コンサルティング会社に関するよくある質問,https://freeconsul.co.jp/cs/consultingfirm/
コンサルティング会社は何をする会社？,https://freeconsul.co.jp/cs/consultingfirm/
コンサルティング会社は何をする会社？,https://freeconsul.co.jp/cs/consultingfirm/
コンサルタントになるために必要な資格やスキルは？,https://freeconsul.co.jp/cs/consultingfirm/
コンサルタントになるために必要な資格やスキルは？,https://freeconsul.co.jp/cs/consultingfirm/
コンサルティング会社に向いているのはどんな人？,https://freeconsul.co.jp/cs/consultingfirm/
コンサルティング会社に向いているのはどんな人？,https://freeconsul.co.jp/cs/consultingfirm/
日本の三大コンサルは？,https://freeconsul.co.jp/cs/consultingfirm/
日本の三大コンサルは？,https://freeconsul.co.jp/cs/consultingfirm/
コンサルはやめとけというのは本当？,https://freeconsul.co.jp/cs/consultingfirm/
コンサルはやめとけというのは本当？,https://freeconsul.co.jp/cs/consultingfirm/
コンサルティング会社は何をする会社？,https://freeconsul.co.jp/cs/consultingfirm/
コンサルタントになるために必要な資格やスキルは？,https://freeconsul.co.jp/cs/consultingfirm/
コンサルタントになるには,https://freeconsul.co.jp/cs/consultingfirm/
コンサルティング会社に向いているのはどんな人？,https://freeconsul.co.jp/cs/consultingfirm/
コンサルタントに向いている人,https://freeconsul.co.jp/cs/consultingfirm/
日本の三大コンサルは？,https://freeconsul.co.jp/cs/consultingfirm/
野村総合研究所（NRI）,https://freeconsul.co.jp/cs/consultingfirm/
三菱総合研究所,https://freeconsul.co.jp/cs/consultingfirm/
アビームコンサルティング,https://freeconsul.co.jp/cs/consultingfirm/
コンサルはやめとけというのは本当？,https://freeconsul.co.jp/cs/consultingfirm/
コンサルはやめとけ,https://freeconsul.co.jp/cs/consultingfirm/
コンサルティング会社まとめ,https://freeconsul.co.jp/cs/consultingfirm/
コンサルGO,https://freeconsul.co.jp/cs/consultingfirm/
フリーコンサル株式会社,https://freeconsul.co.jp/cs/consultingfirm/
コンサルティング会社,https://freeconsul.co.jp/cs/consultingfirm/
フリーコンサル フリーランスエンジニア コンサルタント転職 IT・エンジニア転職 転職エージェント・転職サイト,https://freeconsul.co.jp/cs/consultingfirm/
フリーコンサル,https://freeconsul.co.jp/cs/consultingfirm/
フリーコンサル,https://freeconsul.co.jp/cs/consultingfirm/
コンサルタント転職,https://freeconsul.co.jp/cs/consultingfirm/
コンサルタント転職,https://freeconsul.co.jp/cs/consultingfirm/
フリーコンサル向け案件紹介エージェント,https://freeconsul.co.jp/cs/consultingfirm/
フリーコンサル向け案件紹介エージェント,https://freeconsul.co.jp/cs/consultingfirm/
コンサル業界におすすめ転職エージェント,https://freeconsul.co.jp/cs/consultingfirm/
コンサル業界におすすめ転職エージェント,https://freeconsul.co.jp/cs/consultingfirm/
コンサルティング会社,https://freeconsul.co.jp/cs/consultingfirm/
コンサルティング会社,https://freeconsul.co.jp/cs/consultingfirm/
ITコンサルティング会社,https://freeconsul.co.jp/cs/consultingfirm/
ITコンサルティング会社,https://freeconsul.co.jp/cs/consultingfirm/
DXコンサルティング会社,https://freeconsul.co.jp/cs/consultingfirm/
DXコンサルティング会社,https://freeconsul.co.jp/cs/consultingfirm/
AIコンサルティング会社,https://freeconsul.co.jp/cs/consultingfirm/
AIコンサルティング会社,https://freeconsul.co.jp/cs/consultingfirm/
マーケティングコンサル会社,https://freeconsul.co.jp/cs/consultingfirm/
マーケティングコンサル会社,https://freeconsul.co.jp/cs/consultingfirm/
ブランドコンサルティング会社,https://freeconsul.co.jp/cs/consultingfirm/
ブランドコンサルティング会社,https://freeconsul.co.jp/cs/consultingfirm/
組織・人事コンサルティング会社,https://freeconsul.co.jp/cs/consultingfirm/
組織・人事コンサルティング会社,https://freeconsul.co.jp/cs/consultingfirm/
ISMS認証コンサルティング会社,https://freeconsul.co.jp/cs/consultingfirm/
ISMS認証コンサルティング会社,https://freeconsul.co.jp/cs/consultingfirm/
コンサル業界,https://consulfree.com/blog/consultingfirm/
コンサル会社,https://consulfree.com/blog/consultingfirm/
コンサル転職,https://consulfree.com/blog/consultingfirm/
コンサルフリーランス,https://consulfree.com/blog/consultingfirm/
コンサルフリーの特徴,https://consulfree.com/blog/consultingfirm/
コンサルフリーの特徴,https://consulfree.com/blog/consultingfirm/
コンサルとは,https://consulfree.com/blog/consultingfirm/
コンサルとは,https://consulfree.com/blog/consultingfirm/
コンサル種類,https://consulfree.com/blog/consultingfirm/
コンサル種類,https://consulfree.com/blog/consultingfirm/
コンサル役職,https://consulfree.com/blog/consultingfirm/
コンサル役職,https://consulfree.com/blog/consultingfirm/
コンサル年収,https://consulfree.com/blog/consultingfirm/
コンサル年収,https://consulfree.com/blog/consultingfirm/
コンサルスキル,https://consulfree.com/blog/consultingfirm/
コンサルスキル,https://consulfree.com/blog/consultingfirm/
コンサル資格,https://consulfree.com/blog/consultingfirm/
コンサル資格,https://consulfree.com/blog/consultingfirm/
コンサルやりがい,https://consulfree.com/blog/consultingfirm/
コンサルやりがい,https://consulfree.com/blog/consultingfirm/
コンサル向いている人,https://consulfree.com/blog/consultingfirm/
コンサル向いている人,https://consulfree.com/blog/consultingfirm/
コンサルやめとけ,https://consulfree.com/blog/consultingfirm/
コンサルやめとけ,https://consulfree.com/blog/consultingfirm/
コンサル本・書籍,https://consulfree.com/blog/consultingfirm/
コンサル本・書籍,https://consulfree.com/blog/consultingfirm/
コンサル費用・料金,https://consulfree.com/blog/consultingfirm/
コンサル費用・料金,https://consulfree.com/blog/consultingfirm/
コンサル市場規模,https://consulfree.com/blog/consultingfirm/
コンサル市場規模,https://consulfree.com/blog/consultingfirm/
コンサルティング会社,https://consulfree.com/blog/consultingfirm/
コンサルティング会社,https://consulfree.com/blog/consultingfirm/
外資系コンサル会社,https://consulfree.com/blog/consultingfirm/
外資系コンサル会社,https://consulfree.com/blog/consultingfirm/
日系コンサル会社,https://consulfree.com/blog/consultingfirm/
日系コンサル会社,https://consulfree.com/blog/consultingfirm/
戦略コンサル会社,https://consulfree.com/blog/consultingfirm/
戦略コンサル会社,https://consulfree.com/blog/consultingfirm/
総合コンサル会社,https://consulfree.com/blog/consultingfirm/
総合コンサル会社,https://consulfree.com/blog/consultingfirm/
BIG4コンサル会社,https://consulfree.com/blog/consultingfirm/
BIG4コンサル会社,https://consulfree.com/blog/consultingfirm/
ITコンサル会社,https://consulfree.com/blog/consultingfirm/
ITコンサル会社,https://consulfree.com/blog/consultingfirm/
組織人事コンサル会社,https://consulfree.com/blog/consultingfirm/
組織人事コンサル会社,https://consulfree.com/blog/consultingfirm/
FAS・財務コンサル会社,https://consulfree.com/blog/consultingfirm/
FAS・財務コンサル会社,https://consulfree.com/blog/consultingfirm/
シンクタンク,https://consulfree.com/blog/consultingfirm/
シンクタンク,https://consulfree.com/blog/consultingfirm/
ブティックコンサル会社,https://consulfree.com/blog/consultingfirm/
ブティックコンサル会社,https://consulfree.com/blog/consultingfirm/
独立コンサル会社,https://consulfree.com/blog/consultingfirm/
独立コンサル会社,https://consulfree.com/blog/consultingfirm/
マーケティングコンサル会社,https://consulfree.com/blog/consultingfirm/
マーケティングコンサル会社,https://consulfree.com/blog/consultingfirm/
ブランドコンサル会社,https://consulfree.com/blog/consultingfirm/
ブランドコンサル会社,https://consulfree.com/blog/consultingfirm/
デザインコンサル会社,https://consulfree.com/blog/consultingfirm/
デザインコンサル会社,https://consulfree.com/blog/consultingfirm/
コンサル転職 未経験コンサル転職 20代コンサル転職 30代コンサル転職 40代コンサル転職,https://consulfree.com/blog/consultingfirm/
コンサル転職,https://consulfree.com/blog/consultingfirm/
未経験コンサル転職,https://consulfree.com/blog/consultingfirm/
未経験コンサル転職,https://consulfree.com/blog/consultingfirm/
20代コンサル転職,https://consulfree.com/blog/consultingfirm/
20代コンサル転職,https://consulfree.com/blog/consultingfirm/
30代コンサル転職,https://consulfree.com/blog/consultingfirm/
30代コンサル転職,https://consulfree.com/blog/consultingfirm/
40代コンサル転職,https://consulfree.com/blog/consultingfirm/
40代コンサル転職,https://consulfree.com/blog/consultingfirm/
ポストコンサル転職,https://consulfree.com/blog/consultingfirm/
ポストコンサル転職,https://consulfree.com/blog/consultingfirm/
ITコンサル転職,https://consulfree.com/blog/consultingfirm/
ITコンサル転職,https://consulfree.com/blog/consultingfirm/
FAS転職,https://consulfree.com/blog/consultingfirm/
FAS転職,https://consulfree.com/blog/consultingfirm/
フリーランス Freelance フリーランスエージェント フリーコンサルエージェント SAPフリーランスエージェント PMOフリーランスエージェント フリーコンサルになるには,https://consulfree.com/blog/consultingfirm/
フリーコンサルエージェント,https://consulfree.com/blog/consultingfirm/
フリーコンサルエージェント,https://consulfree.com/blog/consultingfirm/
フリーコンサルになるには,https://consulfree.com/blog/consultingfirm/
フリーコンサルになるには,https://consulfree.com/blog/consultingfirm/
コンサルとは,https://consulfree.com/blog/consultingfirm/
コンサルとは,https://consulfree.com/blog/consultingfirm/
コンサル種類,https://consulfree.com/blog/consultingfirm/
コンサル種類,https://consulfree.com/blog/consultingfirm/
コンサル役職,https://consulfree.com/blog/consultingfirm/
コンサル役職,https://consulfree.com/blog/consultingfirm/
コンサル年収,https://consulfree.com/blog/consultingfirm/
コンサル年収,https://consulfree.com/blog/consultingfirm/
コンサルスキル,https://consulfree.com/blog/consultingfirm/
コンサルスキル,https://consulfree.com/blog/consultingfirm/
コンサル資格,https://consulfree.com/blog/consultingfirm/
コンサル資格,https://consulfree.com/blog/consultingfirm/
コンサルやりがい,https://consulfree.com/blog/consultingfirm/
コンサルやりがい,https://consulfree.com/blog/consultingfirm/
コンサル向いている人,https://consulfree.com/blog/consultingfirm/
コンサル向いている人,https://consulfree.com/blog/consultingfirm/
コンサルやめとけ,https://consulfree.com/blog/consultingfirm/
コンサルやめとけ,https://consulfree.com/blog/consultingfirm/
コンサル本・書籍,https://consulfree.com/blog/consultingfirm/
コンサル本・書籍,https://consulfree.com/blog/consultingfirm/
コンサル費用・料金,https://consulfree.com/blog/consultingfirm/
コンサル費用・料金,https://consulfree.com/blog/consultingfirm/
コンサル市場規模,https://consulfree.com/blog/consultingfirm/
コンサル市場規模,https://consulfree.com/blog/consultingfirm/
コンサルティング会社,https://consulfree.com/blog/consultingfirm/
コンサルティング会社,https://consulfree.com/blog/consultingfirm/
外資系コンサル会社,https://consulfree.com/blog/consultingfirm/
外資系コンサル会社,https://consulfree.com/blog/consultingfirm/
日系コンサル会社,https://consulfree.com/blog/consultingfirm/
日系コンサル会社,https://consulfree.com/blog/consultingfirm/
戦略コンサル会社,https://consulfree.com/blog/consultingfirm/
戦略コンサル会社,https://consulfree.com/blog/consultingfirm/
総合コンサル会社,https://consulfree.com/blog/consultingfirm/
総合コンサル会社,https://consulfree.com/blog/consultingfirm/
BIG4コンサル会社,https://consulfree.com/blog/consultingfirm/
BIG4コンサル会社,https://consulfree.com/blog/consultingfirm/
ITコンサル会社,https://consulfree.com/blog/consultingfirm/
ITコンサル会社,https://consulfree.com/blog/consultingfirm/
組織人事コンサル会社,https://consulfree.com/blog/consultingfirm/
組織人事コンサル会社,https://consulfree.com/blog/consultingfirm/
FAS・財務コンサル会社,https://consulfree.com/blog/consultingfirm/
FAS・財務コンサル会社,https://consulfree.com/blog/consultingfirm/
シンクタンク,https://consulfree.com/blog/consultingfirm/
シンクタンク,https://consulfree.com/blog/consultingfirm/
ブティックコンサル会社,https://consulfree.com/blog/consultingfirm/
ブティックコンサル会社,https://consulfree.com/blog/consultingfirm/
独立コンサル会社,https://consulfree.com/blog/consultingfirm/
独立コンサル会社,https://consulfree.com/blog/consultingfirm/
マーケティングコンサル会社,https://consulfree.com/blog/consultingfirm/
マーケティングコンサル会社,https://consulfree.com/blog/consultingfirm/
ブランドコンサル会社,https://consulfree.com/blog/consultingfirm/
ブランドコンサル会社,https://consulfree.com/blog/consultingfirm/
デザインコンサル会社,https://consulfree.com/blog/consultingfirm/
デザインコンサル会社,https://consulfree.com/blog/consultingfirm/
コンサル転職 未経験コンサル転職 20代コンサル転職 30代コンサル転職 40代コンサル転職,https://consulfree.com/blog/consultingfirm/
コンサル転職,https://consulfree.com/blog/consultingfirm/
未経験コンサル転職,https://consulfree.com/blog/consultingfirm/
未経験コンサル転職,https://consulfree.com/blog/consultingfirm/
20代コンサル転職,https://consulfree.com/blog/consultingfirm/
20代コンサル転職,https://consulfree.com/blog/consultingfirm/
30代コンサル転職,https://consulfree.com/blog/consultingfirm/
30代コンサル転職,https://consulfree.com/blog/consultingfirm/
40代コンサル転職,https://consulfree.com/blog/consultingfirm/
40代コンサル転職,https://consulfree.com/blog/consultingfirm/
ポストコンサル転職,https://consulfree.com/blog/consultingfirm/
ポストコンサル転職,https://consulfree.com/blog/consultingfirm/
ITコンサル転職,https://consulfree.com/blog/consultingfirm/
ITコンサル転職,https://consulfree.com/blog/consultingfirm/
FAS転職,https://consulfree.com/blog/consultingfirm/
FAS転職,https://consulfree.com/blog/consultingfirm/
フリーランス Freelance フリーランスエージェント フリーコンサルエージェント SAPフリーランスエージェント PMOフリーランスエージェント フリーコンサルになるには,https://consulfree.com/blog/consultingfirm/
フリーコンサルエージェント,https://consulfree.com/blog/consultingfirm/
フリーコンサルエージェント,https://consulfree.com/blog/consultingfirm/
フリーコンサルになるには,https://consulfree.com/blog/consultingfirm/
フリーコンサルになるには,https://consulfree.com/blog/consultingfirm/
コンサル会社,https://consulfree.com/blog/consultingfirm/
コンサル会社,https://consulfree.com/blog/consultingfirm/
コンサル会社,https://consulfree.com/blog/consultingfirm/
コンサルタントとは,https://consulfree.com/blog/consultingfirm/
コンサルタント,https://consulfree.com/blog/consultingfirm/
コンサルタントの種類,https://consulfree.com/blog/consultingfirm/
コンサルタントとは？仕事内容や業界特性をわかりやすく図解【2026年永久保存版】,https://consulfree.com/blog/consultingfirm/
コンサル特化型転職エージェント,https://consulfree.com/blog/consultingfirm/
コンサルフリー,https://consulfree.com/blog/consultingfirm/
コンサルフリー,https://consulfree.com/blog/consultingfirm/
コンサル業界転職エージェントおすすめ比較,https://consulfree.com/blog/consultingfirm/
コンサル業界転職エージェントおすすめ比較,https://consulfree.com/blog/consultingfirm/
フリーコンサルマッチングエージェントおすすめ,https://consulfree.com/blog/consultingfirm/
フリーコンサルマッチングエージェントおすすめ,https://consulfree.com/blog/consultingfirm/
コンサルタントの仕事とは,https://consulfree.com/blog/consultingfirm/
コンサルタントの仕事とは,https://consulfree.com/blog/consultingfirm/
コンサル業界転職エージェントおすすめ比較,https://consulfree.com/blog/consultingfirm/
コンサル業界転職エージェントおすすめ比較,https://consulfree.com/blog/consultingfirm/
フリーコンサルマッチングエージェントおすすめ,https://consulfree.com/blog/consultingfirm/
フリーコンサルマッチングエージェントおすすめ,https://consulfree.com/blog/consultingfirm/
コンサルタントの仕事とは,https://consulfree.com/blog/consultingfirm/
コンサルタントの仕事とは,https://consulfree.com/blog/consultingfirm/
マッキンゼー・アンド・カンパニー,https://consulfree.com/blog/consultingfirm/
ボストンコンサルティンググループ,https://consulfree.com/blog/consultingfirm/
ベイン・アンド・カンパニー,https://consulfree.com/blog/consultingfirm/
ローランド・ベルガー,https://consulfree.com/blog/consultingfirm/
アーサー・ディ・リトル,https://consulfree.com/blog/consultingfirm/
電通コンサルティング,https://consulfree.com/blog/consultingfirm/
デロイトトーマツコンサルティング,https://consulfree.com/blog/consultingfirm/
PwCコンサルティング,https://consulfree.com/blog/consultingfirm/
KPMGコンサルティング,https://consulfree.com/blog/consultingfirm/
アクセンチュア,https://consulfree.com/blog/consultingfirm/
アビームコンサルティング,https://consulfree.com/blog/consultingfirm/
日立コンサルティング,https://consulfree.com/blog/consultingfirm/
ベイカレント・コンサルティング,https://consulfree.com/blog/consultingfirm/
キャップジェミニ,https://consulfree.com/blog/consultingfirm/
タタコンサルタンシーサービシズ,https://consulfree.com/blog/consultingfirm/
INTLOOP,https://consulfree.com/blog/consultingfirm/
野村総合研究所（NRI）,https://consulfree.com/blog/consultingfirm/
エヌ・ティ・ティ・データ経営研究所,https://consulfree.com/blog/consultingfirm/
三菱総合研究所（MRI）,https://consulfree.com/blog/consultingfirm/
日本総合研究所,https://consulfree.com/blog/consultingfirm/
三菱UFJリサーチ&コンサルティング,https://consulfree.com/blog/consultingfirm/
みずほリサーチ&テクノロジーズ,https://consulfree.com/blog/consultingfirm/
PwCアドバイザリー,https://consulfree.com/blog/consultingfirm/
KPMG FAS,https://consulfree.com/blog/consultingfirm/
EY ストラテジー・アンド・コンサルティング,https://consulfree.com/blog/consultingfirm/
アリックスパートナーズ,https://consulfree.com/blog/consultingfirm/
山田ビジネスコンサルティング,https://consulfree.com/blog/consultingfirm/
グローウィン・パートナーズ,https://consulfree.com/blog/consultingfirm/
パーソルワークスイッチコンサルティング,https://consulfree.com/blog/consultingfirm/
博報堂コンサルティング,https://consulfree.com/blog/consultingfirm/
船井総合研究所,https://consulfree.com/blog/consultingfirm/
タナベコンサルティンググループ,https://consulfree.com/blog/consultingfirm/
リブ・コンサルティング,https://consulfree.com/blog/consultingfirm/
シンクタンク,https://consulfree.com/blog/consultingfirm/
FAS,https://consulfree.com/blog/consultingfirm/
戦略系コンサルティングファーム,https://consulfree.com/blog/consultingfirm/
マッキンゼー・アンド・カンパニー,https://consulfree.com/blog/consultingfirm/
マッキンゼー・アンド・カンパニー,https://consulfree.com/blog/consultingfirm/
ボストンコンサルティンググループ（BCG）,https://consulfree.com/blog/consultingfirm/
ボストンコンサルティンググループ（BCG）,https://consulfree.com/blog/consultingfirm/
ベイン・アンド・カンパニー,https://consulfree.com/blog/consultingfirm/
ベイン・アンド・カンパニー,https://consulfree.com/blog/consultingfirm/
ローランド・ベルガー,https://consulfree.com/blog/consultingfirm/
ローランド・ベルガー,https://consulfree.com/blog/consultingfirm/
電通コンサルティング,https://consulfree.com/blog/consultingfirm/
電通コンサルティング,https://consulfree.com/blog/consultingfirm/
戦略コンサルタント,https://consulfree.com/blog/consultingfirm/
2.ボストン・コンサルティング・グループ合同会社（BCG）,https://consulfree.com/blog/consultingfirm/
8.モニターデロイト（デロイトトーマツコンサルティング合同会社）,https://consulfree.com/blog/consultingfirm/
9. Strategy& （PwCコンサルティング合同会社）,https://consulfree.com/blog/consultingfirm/
11.電通コンサルティング,https://consulfree.com/blog/consultingfirm/
BIG4系コンサルティングファーム,https://consulfree.com/blog/consultingfirm/
デロイトトーマツコンサルティング合同会社（DTC）,https://consulfree.com/blog/consultingfirm/
デロイトトーマツコンサルティング合同会社（DTC）,https://consulfree.com/blog/consultingfirm/
PwCコンサルティング合同会社,https://consulfree.com/blog/consultingfirm/
PwCコンサルティング合同会社,https://consulfree.com/blog/consultingfirm/
KPMGコンサルティング株式会社,https://consulfree.com/blog/consultingfirm/
KPMGコンサルティング株式会社,https://consulfree.com/blog/consultingfirm/
1.デロイトトーマツコンサルティング合同会社（DTC）,https://consulfree.com/blog/consultingfirm/
2. PwCコンサルティング 合同会社,https://consulfree.com/blog/consultingfirm/
3.KPMGコンサルティング株式会社,https://consulfree.com/blog/consultingfirm/
コンサルBIG4（ビッグ4）とは？会社特徴・年収・転職難易度の違いを徹底比較【2026年最新】,https://consulfree.com/blog/consultingfirm/
総合系コンサルティングファーム,https://consulfree.com/blog/consultingfirm/
アクセンチュア,https://consulfree.com/blog/consultingfirm/
アクセンチュア,https://consulfree.com/blog/consultingfirm/
アビームコンサルティング,https://consulfree.com/blog/consultingfirm/
アビームコンサルティング,https://consulfree.com/blog/consultingfirm/
総合的なコンサルティングスキルを養うことができる,https://consulfree.com/blog/consultingfirm/
所属する部門により提供するコンサルティング領域が大きく異なりキャリアプランを描きづらい,https://consulfree.com/blog/consultingfirm/
2.アビームコンサルティング株式会社,https://consulfree.com/blog/consultingfirm/
ITコンサルティングファーム,https://consulfree.com/blog/consultingfirm/
日立コンサルティング,https://consulfree.com/blog/consultingfirm/
日立コンサルティング,https://consulfree.com/blog/consultingfirm/
ベイカレント・コンサルティング,https://consulfree.com/blog/consultingfirm/
ベイカレント・コンサルティング,https://consulfree.com/blog/consultingfirm/
キャップジェミニ,https://consulfree.com/blog/consultingfirm/
キャップジェミニ,https://consulfree.com/blog/consultingfirm/
タタコンサルタンシーサービシズ,https://consulfree.com/blog/consultingfirm/
タタコンサルタンシーサービシズ,https://consulfree.com/blog/consultingfirm/
INTLOOP,https://consulfree.com/blog/consultingfirm/
INTLOOP,https://consulfree.com/blog/consultingfirm/
ITコンサルタント,https://consulfree.com/blog/consultingfirm/
1.株式会社日立コンサルティング,https://consulfree.com/blog/consultingfirm/
5.日本タタ・コンサルタンシー・サービシズ株式会社,https://consulfree.com/blog/consultingfirm/
シンクタンク,https://consulfree.com/blog/consultingfirm/
野村総合研究所（NRI）,https://consulfree.com/blog/consultingfirm/
野村総合研究所（NRI）,https://consulfree.com/blog/consultingfirm/
エヌ・ティ・ティ・データ経営研究所（NTTデータ）,https://consulfree.com/blog/consultingfirm/
エヌ・ティ・ティ・データ経営研究所（NTTデータ）,https://consulfree.com/blog/consultingfirm/
三菱総合研究所（MRI）,https://consulfree.com/blog/consultingfirm/
三菱総合研究所（MRI）,https://consulfree.com/blog/consultingfirm/
日本総合研究所,https://consulfree.com/blog/consultingfirm/
日本総合研究所,https://consulfree.com/blog/consultingfirm/
三菱UFJリサーチ&コンサルティング,https://consulfree.com/blog/consultingfirm/
三菱UFJリサーチ&コンサルティング,https://consulfree.com/blog/consultingfirm/
みずほリサーチ&テクノロジーズ,https://consulfree.com/blog/consultingfirm/
みずほリサーチ&テクノロジーズ,https://consulfree.com/blog/consultingfirm/
1.株式会社野村総合研究所（NRI）,https://consulfree.com/blog/consultingfirm/
2.株式会社エヌ・ティ・ティ・データ経営研究所（NTTデータ）,https://consulfree.com/blog/consultingfirm/
4.株式会社三菱総合研究所（MRI）,https://consulfree.com/blog/consultingfirm/
5.株式会社日本総合研究所,https://consulfree.com/blog/consultingfirm/
7.三菱UFJリサーチ&コンサルティング株式会社,https://consulfree.com/blog/consultingfirm/
8.みずほリサーチ&テクノロジーズ株式会社,https://consulfree.com/blog/consultingfirm/
FAS,https://consulfree.com/blog/consultingfirm/
デロイトトーマツ ファイナンシャルアドバイザリー（DTFA）,https://consulfree.com/blog/consultingfirm/
デロイトトーマツ ファイナンシャルアドバイザリー（DTFA）,https://consulfree.com/blog/consultingfirm/
PwCアドバイザリー,https://consulfree.com/blog/consultingfirm/
PwCアドバイザリー,https://consulfree.com/blog/consultingfirm/
KPMG FAS,https://consulfree.com/blog/consultingfirm/
KPMG FAS,https://consulfree.com/blog/consultingfirm/
EY ストラテジー・アンド・コンサルティング,https://consulfree.com/blog/consultingfirm/
EY ストラテジー・アンド・コンサルティング,https://consulfree.com/blog/consultingfirm/
アリックスパートナーズ,https://consulfree.com/blog/consultingfirm/
アリックスパートナーズ,https://consulfree.com/blog/consultingfirm/
山田ビジネスコンサルティング,https://consulfree.com/blog/consultingfirm/
山田ビジネスコンサルティング,https://consulfree.com/blog/consultingfirm/
グローウィン・パートナーズ,https://consulfree.com/blog/consultingfirm/
グローウィン・パートナーズ,https://consulfree.com/blog/consultingfirm/
1.デロイトトーマツファイナンシャルアドバイザリー合同会社（DTFA）,https://consulfree.com/blog/consultingfirm/
2.PwCアドバイザリー合同会社,https://consulfree.com/blog/consultingfirm/
3.株式会社KPMG FAS,https://consulfree.com/blog/consultingfirm/
4.EY ストラテジー・アンド・コンサルティング（EY Japan）,https://consulfree.com/blog/consultingfirm/
8.アリックスパートナーズ,https://consulfree.com/blog/consultingfirm/
11.山田コンサルティンググループ株式会社（YCG）,https://consulfree.com/blog/consultingfirm/
12.グローウィン・パートナーズ株式会社,https://consulfree.com/blog/consultingfirm/
組織人事系コンサルティングファーム,https://consulfree.com/blog/consultingfirm/
パーソルワークスイッチコンサルティング,https://consulfree.com/blog/consultingfirm/
パーソルワークスイッチコンサルティング,https://consulfree.com/blog/consultingfirm/
7.パーソルワークスイッチコンサルティング,https://consulfree.com/blog/consultingfirm/
マーケティングコンサルティングファーム,https://consulfree.com/blog/consultingfirm/
博報堂コンサルティング,https://consulfree.com/blog/consultingfirm/
博報堂コンサルティング,https://consulfree.com/blog/consultingfirm/
1.株式会社博報堂コンサルティング,https://consulfree.com/blog/consultingfirm/
ブティック系コンサルティングファーム,https://consulfree.com/blog/consultingfirm/
船井総合研究所,https://consulfree.com/blog/consultingfirm/
船井総合研究所,https://consulfree.com/blog/consultingfirm/
タナベコンサルティンググループ,https://consulfree.com/blog/consultingfirm/
タナベコンサルティンググループ,https://consulfree.com/blog/consultingfirm/
リブ・コンサルティング,https://consulfree.com/blog/consultingfirm/
リブ・コンサルティング,https://consulfree.com/blog/consultingfirm/
経営コンサルタント,https://consulfree.com/blog/consultingfirm/
4.株式会社船井総合研究所,https://consulfree.com/blog/consultingfirm/
5.株式会社タナベコンサルティング（TCG),https://consulfree.com/blog/consultingfirm/
6.株式会社リブ・コンサルティング,https://consulfree.com/blog/consultingfirm/
コンサルティングファーム（コンサル会社）に関するよくある質問,https://consulfree.com/blog/consultingfirm/
コンサル会社とは何をする会社か？,https://consulfree.com/blog/consultingfirm/
大手のコンサル会社は？,https://consulfree.com/blog/consultingfirm/
コンサルタントとは？何をする仕事か？,https://consulfree.com/blog/consultingfirm/
コンサルタント,https://consulfree.com/blog/consultingfirm/
コンサルタントの仕事の種類,https://consulfree.com/blog/consultingfirm/
コンサルタント,https://consulfree.com/blog/consultingfirm/
コンサルタント,https://consulfree.com/blog/consultingfirm/
ポストコンサルタント,https://consulfree.com/blog/consultingfirm/
ポストコンサルタント,https://consulfree.com/blog/consultingfirm/
経営コンサルタント,https://consulfree.com/blog/consultingfirm/
経営コンサルタント,https://consulfree.com/blog/consultingfirm/
戦略コンサルタント,https://consulfree.com/blog/consultingfirm/
戦略コンサルタント,https://consulfree.com/blog/consultingfirm/
新規事業開発コンサルタント,https://consulfree.com/blog/consultingfirm/
PMOコンサルタント,https://consulfree.com/blog/consultingfirm/
PMOコンサルタント,https://consulfree.com/blog/consultingfirm/
業務改善コンサルタント,https://consulfree.com/blog/consultingfirm/
BPRコンサルタント,https://consulfree.com/blog/consultingfirm/
製造コンサルタント,https://consulfree.com/blog/consultingfirm/
SCMコンサルタント,https://consulfree.com/blog/consultingfirm/
ITコンサルタント,https://consulfree.com/blog/consultingfirm/
ITコンサルタント,https://consulfree.com/blog/consultingfirm/
DXコンサルタント,https://consulfree.com/blog/consultingfirm/
SAPコンサルタント,https://consulfree.com/blog/consultingfirm/
SAPコンサルタント,https://consulfree.com/blog/consultingfirm/
ERPコンサルタント,https://consulfree.com/blog/consultingfirm/
AIコンサルタント,https://consulfree.com/blog/consultingfirm/
生成AIコンサルタント,https://consulfree.com/blog/consultingfirm/
マーケティングコンサルタント,https://consulfree.com/blog/consultingfirm/
マーケティングコンサルタント,https://consulfree.com/blog/consultingfirm/
SEOコンサルタント,https://consulfree.com/blog/consultingfirm/
組織人事コンサルタント,https://consulfree.com/blog/consultingfirm/
コンサルティングファーム（コンサル会社）とは？,https://consulfree.com/blog/consultingfirm/
コンサルティングファーム,https://consulfree.com/blog/consultingfirm/
戦略コンサルティングファーム （マッキンゼー・BCG・ベインなど）,https://consulfree.com/blog/consultingfirm/
戦略コンサルティングファーム,https://consulfree.com/blog/consultingfirm/
総合コンサルティングファーム （7大コンサル）,https://consulfree.com/blog/consultingfirm/
総合コンサルティングファーム,https://consulfree.com/blog/consultingfirm/
ITコンサルティングファーム （アクセンチュア・アビーム・IBMなど）,https://consulfree.com/blog/consultingfirm/
ITコンサルティングファーム,https://consulfree.com/blog/consultingfirm/
シンクタンク （NRI・NTT・日本総研など）,https://consulfree.com/blog/consultingfirm/
シンクタンク,https://consulfree.com/blog/consultingfirm/
FAS （DTFA・KPMG FAS・EYなど）,https://consulfree.com/blog/consultingfirm/
FAS,https://consulfree.com/blog/consultingfirm/
組織人事コンサルティングファーム （マーサー、エーオンなど）,https://consulfree.com/blog/consultingfirm/
組織人事コンサルティングファーム,https://consulfree.com/blog/consultingfirm/
外資系コンサルティングファーム,https://consulfree.com/blog/consultingfirm/
外資系コンサルティングファーム,https://consulfree.com/blog/consultingfirm/
日系コンサルティングファーム （船井総研、YCG、リンクアンドモチベーションなど）,https://consulfree.com/blog/consultingfirm/
日系コンサルティングファーム,https://consulfree.com/blog/consultingfirm/
ブティックコンサルティングファーム （YCP、リヴァンプなど）,https://consulfree.com/blog/consultingfirm/
ブティックコンサルティングファーム,https://consulfree.com/blog/consultingfirm/
独立系コンサルティングファーム （山田コンサル、日本経営グループなど）,https://consulfree.com/blog/consultingfirm/
独立系コンサルティングファーム,https://consulfree.com/blog/consultingfirm/
マーケティングコンサルティングファーム （電通コンサル、博報堂コンサルなど）,https://consulfree.com/blog/consultingfirm/
マーケティングコンサルティングファーム,https://consulfree.com/blog/consultingfirm/
ブランドコンサルティングファーム,https://consulfree.com/blog/consultingfirm/
ブランドコンサルティングファーム,https://consulfree.com/blog/consultingfirm/
コンサルタントに必要なスキルや資格は？,https://consulfree.com/blog/consultingfirm/
コンサルタントに必要なスキル,https://consulfree.com/blog/consultingfirm/
コンサルタントに必要な資格,https://consulfree.com/blog/consultingfirm/
コンサルタントの年収はいくらか？,https://consulfree.com/blog/consultingfirm/
コンサルタントの年収,https://consulfree.com/blog/consultingfirm/
コンサルタントの役職・ポジション,https://consulfree.com/blog/consultingfirm/
コンサルタントのやりがいは？向いている人はどんな人？,https://consulfree.com/blog/consultingfirm/
コンサルタントのやりがい,https://consulfree.com/blog/consultingfirm/
コンサルタントに向いている人,https://consulfree.com/blog/consultingfirm/
コンサル業界はやめとけと言われる理由は？,https://consulfree.com/blog/consultingfirm/
コンサルはやめとけ！コンサルはきつい！,https://consulfree.com/blog/consultingfirm/
コンサルタントになるためにおすすめな本は？,https://consulfree.com/blog/consultingfirm/
コンサルタントにおすすめな本・書籍,https://consulfree.com/blog/consultingfirm/
コンサルタントの費用相場や業務委託契約の種類は？,https://consulfree.com/blog/consultingfirm/
コンサルティング費用,https://consulfree.com/blog/consultingfirm/
コンサルタントの業務委託契約,https://consulfree.com/blog/consultingfirm/
コンサルティング業界の市場規模は？,https://consulfree.com/blog/consultingfirm/
コンサルティング業界の市場規模,https://consulfree.com/blog/consultingfirm/
未経験からコンサルティング業界に転職できるか？,https://consulfree.com/blog/consultingfirm/
未経験からコンサルタントに転職,https://consulfree.com/blog/consultingfirm/
コンサル業界に強いおすすめ転職エージェント,https://consulfree.com/blog/consultingfirm/
コンサルの職務経歴書（レジュメ）,https://consulfree.com/blog/consultingfirm/
コンサル面接,https://consulfree.com/blog/consultingfirm/
フリーランスコンサルとは？,https://consulfree.com/blog/consultingfirm/
フリーランスコンサルタント,https://consulfree.com/blog/consultingfirm/
コンサル独立,https://consulfree.com/blog/consultingfirm/
コンサル起業,https://consulfree.com/blog/consultingfirm/
フリーランスコンサルタント向けマッチングエージェント,https://consulfree.com/blog/consultingfirm/
コンサルタントは副業できる？,https://consulfree.com/blog/consultingfirm/
コンサル副業,https://consulfree.com/blog/consultingfirm/
コンサル転職は何歳まで可能か？,https://consulfree.com/blog/consultingfirm/
コンサル転職は何歳まで,https://consulfree.com/blog/consultingfirm/
コンサル業界に強い転職エージェント,https://consulfree.com/blog/consultingfirm/
フリーコンサルマッチングエージェント,https://consulfree.com/blog/consultingfirm/
コンサルフリー（Consulfree）,https://consulfree.com/blog/consultingfirm/
ハイパフォーマーコンサルタント,https://consulfree.com/blog/consultingfirm/
コンサル転職エージェント,https://consulfree.com/blog/consultingfirm/
20代コンサル転職エージェント,https://consulfree.com/blog/consultingfirm/
第二新卒コンサル転職エージェント,https://consulfree.com/blog/consultingfirm/
30代コンサル転職エージェント,https://consulfree.com/blog/consultingfirm/
40代コンサル転職エージェント,https://consulfree.com/blog/consultingfirm/
ITコンサル転職エージェント,https://consulfree.com/blog/consultingfirm/
ポストコンサル転職エージェント,https://consulfree.com/blog/consultingfirm/
FAS転職エージェント,https://consulfree.com/blog/consultingfirm/
フリーコンサルエージェント,https://consulfree.com/blog/consultingfirm/
コンサルタント仕事,https://consulfree.com/blog/consultingfirm/
コンサルタント仕事,https://consulfree.com/blog/consultingfirm/
コンサルタント種類,https://consulfree.com/blog/consultingfirm/
コンサルタント種類,https://consulfree.com/blog/consultingfirm/
コンサルタント年収,https://consulfree.com/blog/consultingfirm/
コンサルタント年収,https://consulfree.com/blog/consultingfirm/
コンサルタントスキル,https://consulfree.com/blog/consultingfirm/
コンサルタントスキル,https://consulfree.com/blog/consultingfirm/
コンサルタント資格,https://consulfree.com/blog/consultingfirm/
コンサルタント資格,https://consulfree.com/blog/consultingfirm/
コンサルタントやりがい,https://consulfree.com/blog/consultingfirm/
コンサルタントやりがい,https://consulfree.com/blog/consultingfirm/
コンサルタントやめとけ,https://consulfree.com/blog/consultingfirm/
コンサルタントやめとけ,https://consulfree.com/blog/consultingfirm/
コンサルタント向いている人,https://consulfree.com/blog/consultingfirm/
コンサルタント向いている人,https://consulfree.com/blog/consultingfirm/
コンサルタント費用,https://consulfree.com/blog/consultingfirm/
コンサルタント費用,https://consulfree.com/blog/consultingfirm/
コンサルタント役職,https://consulfree.com/blog/consultingfirm/
コンサルタント役職,https://consulfree.com/blog/consultingfirm/
コンサル激務,https://consulfree.com/blog/consultingfirm/
コンサル激務,https://consulfree.com/blog/consultingfirm/
コンサルタント業務委託契約,https://consulfree.com/blog/consultingfirm/
コンサルタント業務委託契約,https://consulfree.com/blog/consultingfirm/
コンサルティング市場規模・将来予測,https://consulfree.com/blog/consultingfirm/
コンサルティング市場規模・将来予測,https://consulfree.com/blog/consultingfirm/
ポストコンサルタント,https://consulfree.com/blog/consultingfirm/
ポストコンサルタント,https://consulfree.com/blog/consultingfirm/
コンサルタント本・書籍,https://consulfree.com/blog/consultingfirm/
コンサルタント本・書籍,https://consulfree.com/blog/consultingfirm/
未経験コンサル転職,https://consulfree.com/blog/consultingfirm/
未経験コンサル転職,https://consulfree.com/blog/consultingfirm/
20代コンサル転職,https://consulfree.com/blog/consultingfirm/
20代コンサル転職,https://consulfree.com/blog/consultingfirm/
30代コンサル転職,https://consulfree.com/blog/consultingfirm/
30代コンサル転職,https://consulfree.com/blog/consultingfirm/
40代コンサル転職,https://consulfree.com/blog/consultingfirm/
40代コンサル転職,https://consulfree.com/blog/consultingfirm/
コンサル転職何歳まで,https://consulfree.com/blog/consultingfirm/
コンサル転職何歳まで,https://consulfree.com/blog/consultingfirm/
コンサル職務経歴書（レジュメ）,https://consulfree.com/blog/consultingfirm/
コンサル職務経歴書（レジュメ）,https://consulfree.com/blog/consultingfirm/
コンサル面接,https://consulfree.com/blog/consultingfirm/
コンサル面接,https://consulfree.com/blog/consultingfirm/
コンサル志望動機,https://consulfree.com/blog/consultingfirm/
コンサル志望動機,https://consulfree.com/blog/consultingfirm/
コンサルタント,https://consulfree.com/blog/consultingfirm/
コンサルタント,https://consulfree.com/blog/consultingfirm/
ポストコンサルタント,https://consulfree.com/blog/consultingfirm/
ポストコンサルタント,https://consulfree.com/blog/consultingfirm/
経営コンサルタント,https://consulfree.com/blog/consultingfirm/
経営コンサルタント,https://consulfree.com/blog/consultingfirm/
戦略コンサルタント,https://consulfree.com/blog/consultingfirm/
戦略コンサルタント,https://consulfree.com/blog/consultingfirm/
新規事業開発コンサルタント,https://consulfree.com/blog/consultingfirm/
PMOコンサルタント,https://consulfree.com/blog/consultingfirm/
PMOコンサルタント,https://consulfree.com/blog/consultingfirm/
業務改善コンサルタント,https://consulfree.com/blog/consultingfirm/
BPRコンサルタント,https://consulfree.com/blog/consultingfirm/
製造コンサルタント,https://consulfree.com/blog/consultingfirm/
SCMコンサルタント,https://consulfree.com/blog/consultingfirm/
ITコンサルタント,https://consulfree.com/blog/consultingfirm/
ITコンサルタント,https://consulfree.com/blog/consultingfirm/
DXコンサルタント,https://consulfree.com/blog/consultingfirm/
SAPコンサルタント,https://consulfree.com/blog/consultingfirm/
SAPコンサルタント,https://consulfree.com/blog/consultingfirm/
ERPコンサルタント,https://consulfree.com/blog/consultingfirm/
AIコンサルタント,https://consulfree.com/blog/consultingfirm/
生成AIコンサルタント,https://consulfree.com/blog/consultingfirm/
マーケティングコンサルタント,https://consulfree.com/blog/consultingfirm/
マーケティングコンサルタント,https://consulfree.com/blog/consultingfirm/
SEOコンサルタント,https://consulfree.com/blog/consultingfirm/
組織人事コンサルタント,https://consulfree.com/blog/consultingfirm/
戦略コンサル会社,https://consulfree.com/blog/consultingfirm/
戦略コンサル会社,https://consulfree.com/blog/consultingfirm/
BIG4コンサル会社,https://consulfree.com/blog/consultingfirm/
BIG4コンサル会社,https://consulfree.com/blog/consultingfirm/
総合コンサル会社,https://consulfree.com/blog/consultingfirm/
総合コンサル会社,https://consulfree.com/blog/consultingfirm/
シンクタンク,https://consulfree.com/blog/consultingfirm/
シンクタンク,https://consulfree.com/blog/consultingfirm/
組織人事コンサル会社,https://consulfree.com/blog/consultingfirm/
組織人事コンサル会社,https://consulfree.com/blog/consultingfirm/
FAS・財務コンサル会社,https://consulfree.com/blog/consultingfirm/
FAS・財務コンサル会社,https://consulfree.com/blog/consultingfirm/
ブティックコンサル会社,https://consulfree.com/blog/consultingfirm/
ブティックコンサル会社,https://consulfree.com/blog/consultingfirm/
ITコンサル会社,https://consulfree.com/blog/consultingfirm/
ITコンサル会社,https://consulfree.com/blog/consultingfirm/
外資コンサル会社,https://consulfree.com/blog/consultingfirm/
外資コンサル会社,https://consulfree.com/blog/consultingfirm/
日系コンサル会社,https://consulfree.com/blog/consultingfirm/
日系コンサル会社,https://consulfree.com/blog/consultingfirm/
独立コンサル会社,https://consulfree.com/blog/consultingfirm/
独立コンサル会社,https://consulfree.com/blog/consultingfirm/
マーケティングコンサル会社,https://consulfree.com/blog/consultingfirm/
マーケティングコンサル会社,https://consulfree.com/blog/consultingfirm/
ブランドコンサル会社,https://consulfree.com/blog/consultingfirm/
ブランドコンサル会社,https://consulfree.com/blog/consultingfirm/
デザインコンサル会社,https://consulfree.com/blog/consultingfirm/
デザインコンサル会社,https://consulfree.com/blog/consultingfirm/
製造業コンサル会社,https://consulfree.com/blog/consultingfirm/
製造業コンサル会社,https://consulfree.com/blog/consultingfirm/
新規事業コンサル会社,https://consulfree.com/blog/consultingfirm/
新規事業コンサル会社,https://consulfree.com/blog/consultingfirm/
コンサル転職エージェント,https://consulfree.com/blog/consultingfirm/
コンサル転職エージェント,https://consulfree.com/blog/consultingfirm/
ITコンサル転職エージェント,https://consulfree.com/blog/consultingfirm/
ITコンサル転職エージェント,https://consulfree.com/blog/consultingfirm/
ポストコンサル転職エージェント,https://consulfree.com/blog/consultingfirm/
ポストコンサル転職エージェント,https://consulfree.com/blog/consultingfirm/
FAS転職エージェント,https://consulfree.com/blog/consultingfirm/
FAS転職エージェント,https://consulfree.com/blog/consultingfirm/
未経験コンサル転職,https://consulfree.com/blog/consultingfirm/
未経験コンサル転職,https://consulfree.com/blog/consultingfirm/
コンサル職務経歴書（レジュメ）,https://consulfree.com/blog/consultingfirm/
コンサル職務経歴書（レジュメ）,https://consulfree.com/blog/consultingfirm/
ポストコンサルタント,https://consulfree.com/blog/consultingfirm/
ポストコンサルタント,https://consulfree.com/blog/consultingfirm/
20代コンサル転職,https://consulfree.com/blog/consultingfirm/
20代コンサル転職,https://consulfree.com/blog/consultingfirm/
コンサル会社,https://consulfree.com/blog/consultingfirm/
採用企業の方 業界初フリーランスコンサルタント 検索プラットフォームの詳細 >>,https://consulfree.com/blog/consultingfirm/
コンサルフリーランス コンサルとメディアの掛け算で革命を起こす「コンサルフリー」とは【企業インタビュー】 2025年9月12日,https://consulfree.com/blog/consultingfirm/
コンサルフリーランス コンサルとメディアの掛け算で革命を起こす「コンサルフリー」とは【企業インタビュー】 2025年9月12日,https://consulfree.com/blog/consultingfirm/
コンサルとメディアの掛け算で革命を起こす「コンサルフリー」とは【企業インタビュー】,https://consulfree.com/blog/consultingfirm/
コンサル転職 【独自取材】MyVision（マイビジョン）の評判はなぜ高いのか？口コミや特徴の実態に迫る（社長インタビュー：山口翔平氏） 2026年1月12日,https://consulfree.com/blog/consultingfirm/
コンサル転職 【独自取材】MyVision（マイビジョン）の評判はなぜ高いのか？口コミや特徴の実態に迫る（社長インタビュー：山口翔平氏） 2026年1月12日,https://consulfree.com/blog/consultingfirm/
コンサル転職 【独自取材】コンコードエグゼクティブグループの評判はなぜ高いのか？口コミや特徴の裏側に迫る（社長インタビュー：CEO渡辺秀和氏） 2025年2月20日,https://consulfree.com/blog/consultingfirm/
コンサル転職 【独自取材】コンコードエグゼクティブグループの評判はなぜ高いのか？口コミや特徴の裏側に迫る（社長インタビュー：CEO渡辺秀和氏） 2025年2月20日,https://consulfree.com/blog/consultingfirm/
40代のコンサル転職事情【未経験からの成功体験と失敗体験】 2026年3月6日,https://consulfree.com/blog/consultingfirm/
40代のコンサル転職事情【未経験からの成功体験と失敗体験】 2026年3月6日,https://consulfree.com/blog/consultingfirm/
未経験からコンサルタントに転職する方法と対策を外資コンサル出身者が語る 2026年3月6日,https://consulfree.com/blog/consultingfirm/
未経験からコンサルタントに転職する方法と対策を外資コンサル出身者が語る 2026年3月6日,https://consulfree.com/blog/consultingfirm/
